,profit,vote_average
0,1758753.428,0.0
1,270996663.4,0.65
2,2165835.168,0.55
3,8984562.385,0.5
4,128879420.5,0.7
5,31563729.05,0.8300000000000001
6,-10459802.3,0.6599999999999999
7,1148719.075,0.75
8,22628327.94,0.8
9,8623731.829,0.65
10,312161873.4,0.75
11,4043248.305,0.72
12,7141979.619,0.75
13,7860139.768999999,0.82
14,3142508.655,0.76
15,4493493.683999999,0.73
16,9721218.363,0.6900000000000001
17,16520197.37,0.55
18,58430102.51,0.55
19,25286915.44,0.85
20,27383233.39,0.78
21,1518671.0780000002,0.5
22,11811941.12,0.73
23,-24463422.15,0.8400000000000001
24,27572209.41,0.67
25,193434991.0,0.75
26,34715084.53,0.7
27,5466406.231000001,0.0
28,38631846.15,0.5900000000000001
29,33242703.62,0.6900000000000001
30,180178930.5,0.77
31,34575502.31,0.32999999999999996
32,35579930.31,0.6900000000000001
33,53447159.15,0.75
34,28896620.92,0.73
35,124582295.4,0.5700000000000001
36,22423330.4,0.77
37,3241903.8060000003,0.65
38,78236695.9,0.79
39,2628284.499,0.6799999999999999
40,5260416.715,0.72
41,-2639372.847,0.65
42,12958587.52,0.6900000000000001
43,47527040.22,0.77
44,-1063.0807300000001,0.4
45,10099.26693,0.5700000000000001
46,46005735.04,0.74
47,27748226.76,0.6599999999999999
48,71773245.4,0.71
49,7442883.741,0.7
50,126456762.6,0.8300000000000001
51,30963841.58,0.6900000000000001
52,16258726.62,0.43
53,505701.5972,0.45
54,3198772957.0,0.7
55,1011403.194,0.0
56,7428582.083,0.75
57,34691945.82,0.76
58,559624774.1,0.75
59,16511640.14,0.77
60,10513976.55,0.71
61,146328539.6,0.8
62,7157027488.0,0.79
63,91733542.11,0.74
64,16114204.6,0.6799999999999999
65,10340243.02,0.77
66,1113650.512,0.6
67,-530750.5169,0.61
68,161425928.6,0.8400000000000001
69,5380864.286,0.74
70,84515441.71,0.79
71,1453550806.0,0.74
72,128638528.9,0.72
73,1465388707.0,0.7
74,23863706.05,0.78
75,58027923.74,0.73
76,14041493.47,0.6
77,255580548.1,0.72
78,13460701.77,0.6900000000000001
79,382262526.3,0.8099999999999999
80,81140017.01,0.73
81,4082414.417,0.62
82,147652456.5,0.8099999999999999
83,54981649.26,0.65
84,7856722.086,0.0
85,59557034.48,0.7
86,4106895809.0,0.6900000000000001
87,11061032.27,0.6
88,7511288.205,0.72
89,187267281.7,0.71
90,39712644.62,0.6599999999999999
91,13709034.26,0.6599999999999999
92,5007625.145,0.71
93,-14196105.97,0.5900000000000001
94,22438950.05,0.82
95,83584945.57,0.71
96,13982094.32,0.77
97,64645785.06,0.58
98,8914298.5,0.51
99,58382377.5,0.77
100,8991025.639,0.65
101,21581251.61,0.0
102,97262111.33,0.76
103,136016291.7,0.78
104,24362666.2,0.77
105,76727138.89,0.75
106,43821390.82,0.73
107,277505428.2,0.79
108,34549747.74,0.6
109,185432861.5,0.65
110,289284818.9,0.79
111,67562421.52,0.48
112,11823423.77,0.6599999999999999
113,26349344.39,0.64
114,19728227.09,0.73
115,-7752016.929,0.6799999999999999
116,5282624.44,0.8099999999999999
117,1041937.7590000001,0.62
118,62641298.09,0.74
119,7293564.315,0.8
120,5209688.797,0.6900000000000001
121,16650165.39,0.65
122,-1698665.0,0.6799999999999999
123,20046357.14,0.6599999999999999
124,71744857.14,0.64
125,40092714.29,0.6900000000000001
126,89681071.43,0.62
127,14433377.14,0.71
128,24213889.29,0.7
129,44086626.76,0.72
130,33842138.42,0.8400000000000001
131,-791872.6971,0.5
132,2716242288.0,0.7
133,-13925883.67,0.82
134,56016176.92,0.78
135,5495380115.0,0.71
136,59879361.54,0.78
137,347686.6154,0.6
138,210060663.5,0.7
139,482898.0769,0.6
140,17153476.51,0.71
141,-5032300.176,0.8
142,2414490.385,0.5
143,84024265.38,0.63
144,68888599.62,0.77
145,35448727.81,0.72
146,303223547.2,0.64
147,17198460.57,0.73
148,300011734.1,0.65
149,158940385.8,0.74
150,29154745.32,0.64
151,7523805.243,0.63
152,271327226.6,0.74
153,217644876.2,0.7
154,784400438.2,0.72
155,9254280.449,0.35
156,98749943.82,0.79
157,45048783.9,0.67
158,68184485.02,0.6799999999999999
159,72449382.31,0.76
160,1717609.219,0.41
161,216568119.0,0.7
162,81119696.28,0.8099999999999999
163,333853879.0,0.8300000000000001
164,184362946.1,0.73
165,980157.4349,0.36
166,9512194.535,1.0
167,93348327.14,0.63
168,14935732.34,0.8
169,-6383177.279,0.73
170,-12135282.53,0.45
171,37.47865672,0.77
172,23583444.74,0.72
173,58560401.12,0.74
174,54344052.24,0.7
175,24895197.72,0.77
176,28108992.54,0.77
177,273263500.0,0.75
178,12463031.25,0.73
179,71547031.25,0.75
180,1012736688.0,0.76
181,7385500.0,0.71
182,332347500.0,0.6599999999999999
183,54468062.5,0.6900000000000001
184,65084718.75,0.61
185,154633906.3,0.73
186,13293900.0,0.73
187,73855000.0,0.5700000000000001
188,96011500.0,0.65
189,46.159375,0.65
190,142085455.5,0.62
191,17139616.58,0.48
192,5808524.911,0.8400000000000001
193,53617153.02,0.8300000000000001
194,267615764.7,0.6599999999999999
195,182465.2941,0.5
196,12324792.07,0.78
197,3406018.8239999996,0.45
198,126598974.0,0.78
199,4778852.941000001,0.53
200,221747465.3,0.82
201,19984294.12,0.71
202,42662123.53,0.61
203,7567726.426,0.42000000000000004
204,62129567.01,0.62
205,190842631.6,0.82
206,22478822.51,0.64
207,388309793.8,0.6900000000000001
208,80034963.06,0.8
209,299937131.5,0.7
210,62776750.0,0.75
211,264621409.1,0.8400000000000001
212,186633581.1,0.82
213,77198435.81,0.67
214,24644116.05,0.76
215,34781712.84,0.67
216,407200540.5,0.75
217,10010346.62,0.67
218,-34781712.84,0.71
219,79332612.43,0.7
220,-14276986.62,0.6599999999999999
221,35272555.18,0.7
222,47030073.58,0.78
223,316250555.2,0.73
224,17636277.59,0.74
225,45518392.64,0.6
226,1779416544.0,0.7
227,1404183.625,0.38
228,22675214.05,0.62
229,15116809.36,0.6900000000000001
230,8398227.425,0.77
231,16629602.65,0.67
232,-44234743.05,0.6900000000000001
233,291018046.4,0.72
234,92542458.26,0.8
235,-24944403.97,0.6900000000000001
236,565406490.1,0.75
237,-97499.36033,0.27999999999999997
238,16629602.65,0.77
239,3741660.5960000004,0.74
240,39911046.36,0.77
241,45731407.28,0.78
242,333423533.1,0.76
243,-57442777.78,0.71
244,73063348.26,0.75
245,63551989.52,0.8
246,61545833.33,0.75
247,77749521.86,0.77
248,32623394.72,0.49000000000000005
249,9431078.347000001,0.65
250,157412520.1,0.72
251,8.100225806000001,0.6
252,779830827.7,0.76
253,446085356.4,0.77
254,72902032.26,0.75
255,66559555.45,0.74
256,39406294.41,0.73
257,-115428217.7,0.65
258,2216232804.0,0.76
259,106288674.6,0.74
260,-30173710.65,0.65
261,-36085008.58,0.64
262,47766131.56,0.78
263,53360237.5,0.6799999999999999
264,151611446.9,0.6599999999999999
265,65876836.42,0.6799999999999999
266,77502160.49,0.6599999999999999
267,62001728.4,0.73
268,185230163.6,0.8400000000000001
269,766442506.1,0.77
270,97869877.99,0.78
271,190811081.9,0.78
272,71479419.43,0.77
273,10126979.91,0.74
274,362375970.1,0.76
275,267947709.0,0.6
276,1517495326.0,0.72
277,52627215.57,0.75
278,46161586.23,0.72
279,5262721.557,0.71
280,338317814.4,0.63
281,-67663562.87,0.61
282,199120822.9,0.76
283,215648959.8,0.77
284,275808612.1,0.73
285,28862873.56,0.5599999999999999
286,42745915.75,0.5599999999999999
287,-2309029.885,0.63
288,312637119.2,0.77
289,265544736.1,0.72
290,-976532.0327,0.6799999999999999
291,658960114.2,0.76
292,-38353316.86,0.77
293,191580272.5,0.6799999999999999
294,79907981.12,0.64
295,-15394843.32,0.5
296,281794417.0,0.75
297,63003218.41,0.7
298,13684305.18,0.61
299,82105831.06,0.6799999999999999
300,505449914.9,0.71
301,107170603.7,0.76
302,245347071.4,0.65
303,-56952103.09,0.61
304,103547453.3,0.63
305,334433473.2,0.73
306,44731152.54,0.6900000000000001
307,-12943659.79,0.5
308,585630392.8,0.65
309,-38830979.38,0.71
310,503508366.0,0.75
311,124344911.7,0.64
312,868519572.2,0.67
313,8303707.237000001,0.71
314,50355435.34,0.6599999999999999
315,61064913.28,0.64
316,172569410.6,0.78
317,62080079.98,0.6799999999999999
318,460699688.7,0.77
319,440003363.0,0.72
320,61226706.79,0.67
321,6200172.84,0.75
322,36435706.3,0.7
323,-13020362.96,0.6900000000000001
324,60970614.85,0.6799999999999999
325,10292286.91,0.6599999999999999
326,244031096.1,0.76
327,161055689.7,0.75
328,27033050.24,0.58
329,9011016.746,0.7
330,1436154289.0,0.86
331,265058186.5,0.73
332,477963059.1,0.72
333,333285928.8,0.71
334,48058755.98,0.62
335,595628206.9,0.62
336,35971978.85,0.64
337,96215371.6,0.6599999999999999
338,131560844.5,0.5599999999999999
339,92438645.61,0.71
340,43547835.59,0.71
341,35976263.9,0.72
342,160617991.0,0.79
343,-3868405.135,0.61
344,2450590229.0,0.76
345,96463924.75,0.72
346,3110559.685,0.6799999999999999
347,871614606.4,0.8099999999999999
348,787384456.3,0.71
349,14138907.66,0.72
350,5655563.062999999,0.67
351,233388120.9,0.8
352,-4190772.23,0.74
353,5531140.676,0.5
354,57686743.24,0.75
355,40406707.58,0.5700000000000001
356,425167104.0,0.79
357,19558841.38,0.62
358,519531724.1,0.71
359,156745777.2,0.73
360,456372965.5,0.85
361,49915793.1,0.65
362,96775517.24,0.6900000000000001
363,370123838.4,0.58
364,14363524.14,0.76
365,122242758.6,0.79
366,224111724.1,0.5700000000000001
367,102038068.0,0.64
368,595940991.7,0.73
369,204288405.5,0.6599999999999999
370,90536043.1,0.65
371,57175850.37,0.73
372,10735057.62,0.6599999999999999
373,-21003373.61,0.63
374,70011245.35,0.64
375,80157004.32,0.78
376,53403294.42,0.55
377,-10268269.31,0.74
378,35939105.95,0.61
379,209407630.2,0.78
380,-2333708.1780000003,0.6900000000000001
381,4807438.848,0.61
382,163079527.5,0.58
383,2164061596.0,0.76
384,1426729.073,0.7
385,124008905.1,0.75
386,298391220.4,0.6
387,3177452.373,0.5700000000000001
388,164327245.2,0.6799999999999999
389,118989298.2,0.82
390,87776578.98,0.79
391,326571493.8,0.5900000000000001
392,8186352.988,0.55
393,141220105.4,0.72
394,512960616.1,0.77
395,87621625.22,0.5900000000000001
396,67119356.51,0.74
397,114300022.8,0.61
398,26037456.94,0.6799999999999999
399,196733128.7,0.67
400,32320702.97,0.6599999999999999
401,102638950.3,0.61
402,-34309669.31,0.52
403,36123996.11,0.5900000000000001
404,9944831.683,0.65
405,68370717.82,0.55
406,290123346.8,0.67
407,86663647.3,0.6599999999999999
408,1175929254.0,0.74
409,69403082.51,0.45
410,507341505.5,0.6799999999999999
411,28591391.09,0.76
412,968018247.4,0.67
413,3167420633.0,0.82
414,141926940.2,0.78
415,-12431039.6,0.74
416,112078410.5,0.65
417,59079469.02,0.5700000000000001
418,101950289.3,0.65
419,82745918.63,0.67
420,50067346.63,0.58
421,-381.2821012,0.6799999999999999
422,82597769.36,0.73
423,1009904.5970000001,0.67
424,1540533.7419999999,0.6799999999999999
425,308.1067485,0.61
426,646577444.0,0.5900000000000001
427,75941978.05,0.62
428,41459926.3,0.62
429,-11365083.56,0.58
430,50696654.66,0.74
431,66628084.36,0.5700000000000001
432,677117612.6,0.74
433,121401736.3,0.71
434,43285430.36,0.52
435,100996203.9,0.71
436,324888880.9,0.8099999999999999
437,40427773.9,0.65
438,145268512.4,0.54
439,63952868.09,0.76
440,668173452.5,0.71
441,-11221155.56,0.58
442,359712506.9,0.64
443,68914856.55,0.6799999999999999
444,505593.2223,0.61
445,54793556.95,0.5900000000000001
446,158475381.3,0.72
447,61220301.65,0.73
448,121057093.7,0.75
449,339859143.5,0.75
450,409864731.4,0.82
451,8094315.296,0.5900000000000001
452,22855612.86,0.63
453,8246975.552999999,0.6900000000000001
454,14163775.66,0.63
455,15237075.24,0.79
456,14791823.52,0.67
457,62101323.98,0.6599999999999999
458,243651617.9,0.73
459,54681822.17,0.6
460,85698516.15,0.72
461,103143858.0,0.67
462,165636473.2,0.5900000000000001
463,7531975.797,0.54
464,-24050321.46,0.61
465,77401294.82,0.6799999999999999
466,17660346.17,0.67
467,268873094.5,0.77
468,11322125.13,0.64
469,1185453.596,0.71
470,27426735.44,0.5700000000000001
471,180420992.0,0.63
472,-49477867.3,0.6599999999999999
473,1585874791.0,0.8400000000000001
474,-1935108.5559999999,0.43
475,-35438714.34,0.65
476,-16390364.39,0.6
477,64859639.75,0.5700000000000001
478,880211.5274,0.62
479,14869343.82,0.73
480,48214251.2,0.6799999999999999
481,49171667.77,0.71
482,244371260.5,0.65
483,208012729.4,0.6599999999999999
484,-41587076.14,0.41
485,-48902347.91,0.53
486,46922735.24,0.64
487,1027428106.0,0.79
488,7254202.222,0.48
489,80249266.78,0.73
490,-16574719.47,0.74
491,59161270.53,0.58
492,57107939.03,0.67
493,56555086.5,0.6
494,149668553.8,0.62
495,79329267.64,0.6900000000000001
496,-38763464.94,0.6599999999999999
497,72078836.16,0.67
498,60376324.54,0.67
499,-17605874.21,0.61
500,41175357.34,0.63
501,-41436798.68,0.61
502,-7690211.267999999,0.64
503,-2878476.2819999997,0.58
504,-21672285.5,0.36
505,2036088297.0,0.75
506,85064296.93,0.58
507,174001558.9,0.6599999999999999
508,220661902.6,0.75
509,18368549.91,0.64
510,33902710.69,0.6799999999999999
511,12047307.2,0.8
512,90298693.91,0.6
513,658342704.7,0.67
514,-7569543.752,0.55
515,406455061.1,0.72
516,111892238.3,0.61
517,16133299.48,0.45999999999999996
518,5130066.569,0.5
519,286789965.6,0.74
520,91344204.57,0.54
521,4970097.098,0.42000000000000004
522,58789951.48,0.7
523,30965526.42,0.5
524,137100112.8,0.61
525,15612870.47,0.5599999999999999
526,-30761078.49,0.6
527,12669696.06,0.79
528,98822314.15,0.75
529,19947349.39,0.75
530,33078915.8,0.6900000000000001
531,41634321.24,0.6599999999999999
532,153823425.3,0.67
533,-26021.450780000003,0.53
534,290139176.2,0.71
535,-43509054.88,0.26
536,51213106.25,0.61
537,125553500.0,0.71
538,116980444.8,0.71
539,18234573.49,0.6
540,170348535.7,0.71
541,1253013.845,0.6
542,6695158.036,0.61
543,-14018363.42,0.6599999999999999
544,40842704.82,0.6
545,1362305898.0,0.8
546,108139053.1,0.54
547,3781731.9280000003,0.54
548,49038774.27,0.65
549,170145300.4,0.43
550,9208386.144,0.53
551,25665318.72,0.6
552,1373756.9819999998,0.64
553,26850296.69,0.63
554,115072286.3,0.6599999999999999
555,74941321.03,0.63
556,-1107081.853,0.62
557,144567485.9,0.6599999999999999
558,42843483.04,0.62
559,-12052480.5,0.63
560,11899824.59,0.52
561,-13866350.4,0.75
562,103076657.8,0.8099999999999999
563,59745432.18,0.72
564,-33642067.89,0.6599999999999999
565,27144303.65,0.71
566,224184101.6,0.64
567,-18922576.41,0.72
568,200149820.2,0.7
569,51508138.49,0.55
570,31901948.03,0.5700000000000001
571,31520175.96,0.6
572,149410680.6,0.62
573,728332295.9,0.71
574,5226353.553,0.54
575,1933451.396,0.67
576,6284918.192000001,0.73
577,3057999.897,0.42000000000000004
578,82106500.41,0.8
579,3447488.847,0.5700000000000001
580,-77510323.93,0.67
581,-2895488.474,0.67
582,147892058.5,0.6599999999999999
583,5075309.913,0.62
584,640969268.1,0.74
585,737128344.6,0.72
586,51663022.45,0.63
587,48220227.05,0.71
588,5027377.2360000005,0.61
589,-15709292.59,0.63
590,16299855.65,0.6799999999999999
591,173612822.8,0.6599999999999999
592,-7140098.245,0.65
593,5683996.665,0.74
594,78391658.74,0.5900000000000001
595,-39603218.46,0.6799999999999999
596,343388464.8,0.71
597,-25618230.99,0.72
598,73424943.54,0.5900000000000001
599,-15493495.25,0.67
600,33190810.9,0.65
601,32262024.35,0.55
602,57289404.68,0.73
603,27597413.35,0.62
604,29970084.48,0.67
605,-35527169.39,0.8400000000000001
606,342459910.3,0.6599999999999999
607,82171684.31,0.45
608,-15865609.72,0.51
609,41535434.86,0.6799999999999999
610,9132952.518,0.85
611,5404484.847,0.76
612,-21930921.67,0.64
613,166760182.9,0.6599999999999999
614,4627911.677,0.36
615,3298719.43,0.54
616,117911004.8,0.78
617,71178099.44,0.7
618,167497703.8,0.62
619,15869215.61,0.55
620,2824083.277,0.6
621,845058513.1,0.82
622,120449418.8,0.6799999999999999
623,46045037.85,0.52
624,-14191610.82,0.48
625,36765901.42,0.65
626,-61336172.94,0.61
627,-6462980.7639999995,0.5
628,4784101.766,0.73
629,628873014.9,0.6900000000000001
630,-12351229.88,0.6799999999999999
631,-20998444.81,0.62
632,99190107.46,0.75
633,52275063.2,0.61
634,2621720.44,0.71
635,306397235.2,0.78
636,110851138.5,0.65
637,-35301900.93,0.64
638,73357894.9,0.64
639,37157854.71,0.7
640,88888564.13,0.6
641,-10968428.44,0.6599999999999999
642,16608716.39,0.61
643,-3659254.4239999996,0.7
644,-64635756.26,0.6799999999999999
645,-8661109.832,0.65
646,-830807.1126,0.73
647,-10195193.91,0.74
648,132337573.3,0.71
649,227534692.1,0.73
650,19475837.92,0.55
651,14257372.38,0.75
652,22169513.58,0.5599999999999999
653,23892224.29,0.73
654,50397048.89,0.58
655,-9515030.757000001,0.6900000000000001
656,103099702.2,0.64
657,25585493.85,0.6
658,-27951691.61,0.62
659,2205832.945,0.52
660,-38250024.99,0.55
661,-458224.4526,0.36
662,44923234.75,0.72
663,-19021495.01,0.58
664,377614649.3,0.79
665,9039700.786,0.5599999999999999
666,-7420945.009,0.6599999999999999
667,31499253.86,0.6799999999999999
668,783175700.0,0.6900000000000001
669,26252203.55,0.5900000000000001
670,5040468.978,0.65
671,-8784364.374,0.67
672,303643728.0,0.77
673,5845175.267999999,0.77
674,6623464.919,0.58
675,-6166507.457,0.49000000000000005
676,88194419.14,0.6799999999999999
677,-53659778.82,0.51
678,70332323.64,0.65
679,233932699.4,0.61
680,53572947.58,0.62
681,21913697.78,0.7
682,56420145.84,0.7
683,1832897.81,0.61
684,-10366260.58,0.6
685,-1601217.236,0.55
686,125594600.4,0.58
687,-12117241.6,0.44000000000000006
688,183880890.6,0.64
689,-5879791.834,0.55
690,55083674.65,0.58
691,249732326.6,0.71
692,-16302107.01,0.55
693,-32075711.68,0.72
694,-14615231.58,0.7
695,110281394.5,0.58
696,-23516257.61,0.5900000000000001
697,173075962.6,0.6599999999999999
698,37739496.51,0.5900000000000001
699,-355426.3789,0.7
700,7619979.382,0.5599999999999999
701,77174256.24,0.76
702,63519112.56,0.67
703,-32304823.91,0.63
704,101467880.2,0.79
705,245188235.6,0.73
706,512339978.2,0.6
707,-14857424.26,0.6
708,676719423.7,0.6799999999999999
709,10495185.06,0.6799999999999999
710,-2026108.554,0.55
711,489764.7515,0.72
712,618848418.1,0.63
713,-22073543.15,0.5900000000000001
714,218827546.6,0.63
715,-18192016.91,0.67
716,63767183.65,0.72
717,459538619.6,0.73
718,663134.6831,0.62
719,87960885.53,0.6599999999999999
720,45335235.77,0.71
721,105472490.9,0.6900000000000001
722,-19766762.84,0.61
723,54892478.71,0.6799999999999999
724,-211489.1236,0.43
725,-2445176.517,0.6799999999999999
726,-89799088.25,0.44000000000000006
727,45334941.78,0.54
728,69075212.06,0.6799999999999999
729,81170328.91,0.5700000000000001
730,63840004.68,0.37
731,70071231.51,0.75
732,103169424.1,0.5900000000000001
733,5134970.156,0.76
734,-9266319.126,0.54
735,24718327.63,0.6799999999999999
736,1176591.0259999998,0.62
737,47130562.4,0.5900000000000001
738,113330720.9,0.78
739,-7198448.56,0.54
740,-14818036.27,0.65
741,-13992515.38,0.53
742,-10308716.01,0.52
743,51238825.44,0.71
744,-3779054.248,0.5599999999999999
745,232554982.7,0.72
746,52437523.17,0.6900000000000001
747,410330.0583,0.72
748,184058685.6,0.74
749,34083979.91,0.6799999999999999
750,-7942410.518999999,0.51
751,32842439.26,0.77
752,97074013.92,0.62
753,88417957.75,0.72
754,-2089528.545,0.61
755,92322737.91,0.64
756,-5127450.209,0.72
757,24584845.25,0.65
758,4156329.253,0.55
759,6380461.182,0.58
760,427952528.6,0.58
761,-217883.6123,0.43
762,-22822627.03,0.64
763,88354630.01,0.6
764,1879621.861,0.61
765,4054017.445,0.63
766,551467392.1,0.74
767,159565730.9,0.6599999999999999
768,26734576.92,0.64
769,-3513848.7169999997,0.62
770,-5441972.649,0.5599999999999999
771,47126838.42,0.51
772,27103332.75,0.5900000000000001
773,15972610.61,0.55
774,-3936619.085,0.6900000000000001
775,12724413.15,0.6
776,-4015033.242,0.74
777,41612017.14,0.76
778,24686361.01,0.5900000000000001
779,321588428.1,0.6
780,12804264.32,0.54
781,-4055825.925,0.75
782,9915028.88,0.67
783,2915611.231,0.73
784,267484379.0,0.5900000000000001
785,91594294.51,0.67
786,67343891.76,0.67
787,530131454.3,0.67
788,239364523.5,0.77
789,47270655.02,0.7
790,-13045677.28,0.55
791,34747437.37,0.53
792,13876094.28,0.61
793,141698591.2,0.72
794,283729204.0,0.7
795,86212838.01,0.6599999999999999
796,67255068.23,0.64
797,-1457624.131,0.5599999999999999
798,24382122.49,0.58
799,41296233.64,0.65
800,-14843955.75,0.73
801,123805867.4,0.73
802,34291169.8,0.61
803,28139638.39,0.54
804,7734859.746,0.49000000000000005
805,823155491.1,0.77
806,60131016.18,0.6799999999999999
807,93157937.58,0.6799999999999999
808,19122611.02,0.72
809,12305087.81,0.55
810,-401.1768639,0.58
811,17858963.33,0.72
812,139032193.6,0.5900000000000001
813,-10099394.06,0.61
814,9090903.348,0.62
815,117615106.6,0.61
816,40501327.49,0.73
817,863021965.2,0.78
818,414578005.3,0.62
819,410790773.1,0.6900000000000001
820,346980217.6,0.73
821,-25844187.6,0.63
822,290038.7103,0.52
823,51821194.6,0.62
824,124029942.7,0.58
825,280051731.3,0.73
826,78566414.86,0.67
827,-3847917.0919999997,0.65
828,361259415.1,0.64
829,93090765.73,0.65
830,28691726.8,0.55
831,62362514.58,0.78
832,-9887413.052000001,0.61
833,591316483.9,0.77
834,155572017.5,0.74
835,54889560.13,0.5900000000000001
836,58542330.63,0.67
837,297686736.9,0.7
838,444419123.8,0.8300000000000001
839,186061200.6,0.67
840,81407269.35,0.5700000000000001
841,-1509270.523,0.76
842,13450939.32,0.53
843,-27498409.64,0.6
844,-12567955.98,0.58
845,18286259.76,0.61
846,62503104.12,0.61
847,17027918.03,0.63
848,1494522.0369999998,0.63
849,13256764.75,0.73
850,17877937.5,0.75
851,18225508.06,0.49000000000000005
852,16390100.17,0.5
853,26724680.12,0.64
854,87350384.78,0.63
855,-32263446.44,0.54
856,4514563.651000001,0.72
857,4241381.51,0.5900000000000001
858,16765239.86,0.62
859,23398917.76,0.55
860,19575125.16,0.51
861,30477156.3,0.64
862,271739380.8,0.6900000000000001
863,-6682686.29,0.64
864,32182626.44,0.65
865,7984044.267999999,0.53
866,130127166.9,0.67
867,18252733.44,0.6599999999999999
868,-34697826.93,0.58
869,-59091529.03,0.5700000000000001
870,35103482.89,0.61
871,42667402.11,0.63
872,63167727.63,0.64
873,32798768.28,0.6599999999999999
874,71873855.16,0.5700000000000001
875,221940497.4,0.5900000000000001
876,22351547.04,0.58
877,68183648.56,0.64
878,359191921.7,0.5900000000000001
879,4283230.275,0.6
880,7848590.402000001,0.53
881,-54902731.89,0.63
882,8490753.806,0.6599999999999999
883,-5252030.6680000005,0.64
884,3141713.607,0.67
885,326671751.5,0.6799999999999999
886,-17291224.18,0.6
887,-16364785.36,0.64
888,862639961.7,0.73
889,927962364.2,0.71
890,72185097.2,0.6599999999999999
891,9721985.03,0.71
892,-8877596.916000001,0.62
893,-29395081.1,0.55
894,20521172.98,0.58
895,392948032.0,0.74
896,881246615.8,0.72
897,2315310.287,0.6799999999999999
898,382910678.1,0.6799999999999999
899,188129927.3,0.61
900,23765006.64,0.49000000000000005
901,228052034.4,0.62
902,24639174.08,0.61
903,65407705.82,0.58
904,41953109.32,0.8400000000000001
905,79303071.9,0.77
906,-4106946.244,0.64
907,-60151957.54,0.5599999999999999
908,63401155.32,0.77
909,-5264418.869,0.62
910,-4409131.52,0.6
911,499820.1261,0.65
912,23869949.0,0.55
913,109009114.5,0.61
914,42498597.49,0.6
915,482843834.6,0.72
916,149754216.7,0.55
917,325075014.5,0.74
918,1642579.841,0.63
919,-33006996.89,0.6599999999999999
920,45890908.97,0.61
921,-20112596.72,0.5599999999999999
922,12534662.01,0.64
923,-2273936.127,0.6599999999999999
924,-21086505.68,0.63
925,-36101135.32,0.6599999999999999
926,28016773.11,0.6
927,9839607.515,0.5900000000000001
928,-5530991.188999999,0.49000000000000005
929,-16544936.91,0.6
930,-6897123.8889999995,0.6900000000000001
931,-11479507.69,0.67
932,78336901.3,0.71
933,117866180.0,0.6799999999999999
934,-28328551.4,0.62
935,34075850.43,0.63
936,-21369301.57,0.58
937,199887257.9,0.77
938,-10943007.07,0.54
939,631443595.9,0.6799999999999999
940,-58112662.4,0.51
941,-28697131.12,0.63
942,287609707.4,0.64
943,142641654.0,0.6599999999999999
944,56250042.12,0.67
945,47332675.77,0.61
946,12100689.62,0.51
947,-88093792.84,0.5700000000000001
948,27844331.55,0.55
949,297756165.1,0.7
950,285945172.2,0.65
951,-19338131.71,0.64
952,109756911.7,0.7
953,-17049416.77,0.49000000000000005
954,7487783.969,0.5900000000000001
955,38335594.92,0.65
956,-24972852.95,0.54
957,-15103562.45,0.5599999999999999
958,271571667.4,0.72
959,-10553947.93,0.5900000000000001
960,662841.3588,0.5900000000000001
961,14623883.55,0.55
962,-2456342.6859999998,0.5
963,92183.18649,0.63
964,-22959463.38,0.5599999999999999
965,649615934.7,0.77
966,32993267.68,0.73
967,-5075993.4180000005,0.5900000000000001
968,48158165.14,0.65
969,7192751.681,0.71
970,-2368917.995,0.5700000000000001
971,128872094.7,0.6900000000000001
972,304952117.4,0.77
973,-22854186.49,0.64
974,467816622.0,0.8300000000000001
975,425618664.0,0.6900000000000001
976,82573271.82,0.6599999999999999
977,-30969044.75,0.64
978,-20767524.2,0.6900000000000001
979,94034352.09,0.75
980,54131810.77,0.75
981,72131966.21,0.6599999999999999
982,-6606044.416,0.6900000000000001
983,-9459239.407,0.48
984,35239818.03,0.64
985,52931585.68,0.6799999999999999
986,36873274.6,0.64
987,-8862377.242,0.41
988,280299186.2,0.64
989,9845250.408,0.6
990,-42024950.73,0.6599999999999999
991,27109676.38,0.71
992,-1343171.88,0.63
993,72937969.26,0.64
994,24530990.05,0.72
995,1198573.265,0.5900000000000001
996,238133890.6,0.6599999999999999
997,10883664.66,0.49000000000000005
998,1824631.519,0.72
999,690869525.7,0.65
1000,852028099.4,0.76
1001,-21769818.91,0.6799999999999999
1002,16273546.65,0.52
1003,17225718.27,0.54
1004,53872563.79,0.55
1005,610302195.6,0.65
1006,18798081.21,0.73
1007,136626339.7,0.67
1008,56271403.46,0.71
1009,168280438.9,0.67
1010,95017156.29,0.74
1011,-15409201.64,0.6
1012,63547890.11,0.73
1013,-44744591.67,0.5599999999999999
1014,314756614.4,0.74
1015,33401798.53,0.51
1016,-2652289.498,0.55
1017,363756460.3,0.74
1018,-17396456.71,0.73
1019,6428425.11,0.5599999999999999
1020,-20804512.05,0.5900000000000001
1021,359040323.6,0.67
1022,513188122.2,0.6599999999999999
1023,27350629.92,0.73
1024,-25528792.26,0.61
1025,184518458.3,0.77
1026,25361105.4,0.75
1027,-28438648.1,0.51
1028,52021303.83,0.5700000000000001
1029,45049019.98,0.6
1030,27786006.15,0.54
1031,35424002.76,0.63
1032,139216441.3,0.6599999999999999
1033,259800791.5,0.79
1034,-10450828.14,0.74
1035,165447957.3,0.71
1036,-54316471.93,0.7
1037,57304303.38,0.63
1038,40270727.61,0.5700000000000001
1039,-3176462.385,0.75
1040,-28437442.0,0.6
1041,37989510.57,0.73
1042,564557629.5,0.74
1043,-17893273.13,0.64
1044,3334845.1939999997,0.67
1045,-8683662.367999999,0.51
1046,-664884.4164,0.75
1047,723407457.2,0.72
1048,-17299753.49,0.58
1049,-7626771.252,0.5900000000000001
1050,-11477534.46,0.67
1051,-28624176.98,0.53
1052,27636702.61,0.73
1053,313976616.1,0.77
1054,397277443.0,0.61
1055,-29333478.66,0.5900000000000001
1056,13223339.8,0.5900000000000001
1057,238068843.4,0.6900000000000001
1058,1737764.706,0.51
1059,-21845669.5,0.6
1060,-9557705.882000001,0.67
1061,86043235.04,0.6900000000000001
1062,188986821.0,0.64
1063,-17377615.78,0.42000000000000004
1064,-3127976.4710000004,0.48
1065,1310238.095,0.41
1066,45.18188235,0.45999999999999996
1067,1568643.707,0.51
1068,396641956.3,0.67
1069,434898.2086,0.6
1070,97644437.53,0.61
1071,-3031634.795,0.7
1072,47712898.42,0.63
1073,18681601.4,0.74
1074,-20483931.01,0.3
1075,20009861.85,0.6799999999999999
1076,-3848127.018,0.73
1077,-3016615.295,0.5599999999999999
1078,-14622450.66,0.62
1079,-22540031.62,0.61
1080,350050.1091,0.62
1081,-12013325.55,0.48
1082,-19643327.3,0.45
1083,-32763346.57,0.6
1084,116775685.5,0.61
1085,-3381330.4,0.5900000000000001
1086,132591447.1,0.53
1087,244775042.4,0.7
1088,359369539.6,0.67
1089,1899444.596,0.75
1090,33571926.75,0.63
1091,97848270.37,0.75
1092,-39207393.42,0.41
1093,13305960.09,0.52
1094,182692939.6,0.74
1095,-280158.9504,0.65
1096,-4720861.995,0.67
1097,100155041.8,0.78
1098,261130524.1,0.65
1099,54748390.01,0.75
1100,177348911.7,0.65
1101,1489438129.0,0.79
1102,23487255.88,0.67
1103,142967231.7,0.5599999999999999
1104,42401458.82,0.74
1105,-8188524.546,0.76
1106,41530569.35,0.63
1107,-379612.9622,0.75
1108,-18124633.91,0.49000000000000005
1109,90882468.36,0.63
1110,22483312.72,0.43
1111,8226419.981000001,0.67
1112,-30483019.05,0.5700000000000001
1113,-701645.8226,0.39
1114,-45442108.6,0.5599999999999999
1115,-40062083.51,0.53
1116,-16032080.6,0.27
1117,6661451.892999999,0.5700000000000001
1118,138939095.8,0.65
1119,-8775718.613,0.6599999999999999
1120,391868187.2,0.65
1121,441592.5004,0.49000000000000005
1122,-33370680.08,0.64
1123,133855958.2,0.75
1124,128237086.6,0.65
1125,260744149.5,0.6599999999999999
1126,491391.9999,0.63
1127,-4744261.808,0.64
1128,126479615.5,0.58
1129,-38849797.54,0.5
1130,447116873.0,0.6900000000000001
1131,277309910.4,0.73
1132,-17330690.11,0.6599999999999999
1133,221351808.3,0.74
1134,39078204.94,0.5900000000000001
1135,-6268096.674,0.53
1136,284373352.1,0.63
1137,1596924924.0,0.82
1138,348921414.6,0.85
1139,-16716608.11,0.49000000000000005
1140,-7895807.152000001,0.61
1141,12081959.08,0.79
1142,35806634.86,0.65
1143,-56797455.18,0.53
1144,744159.4916,0.67
1145,-17581710.7,0.85
1146,183045942.1,0.6799999999999999
1147,103361532.6,0.6
1148,-7877551.911,0.63
1149,28715096.99,0.55
1150,1603899.3669999999,0.72
1151,1055505738.0,0.8400000000000001
1152,556744896.0,0.6799999999999999
1153,14537519.53,0.6599999999999999
1154,5661715.629,0.8699999999999999
1155,-1963261.95,0.41
1156,542960677.1,0.7
1157,123037704.4,0.6599999999999999
1158,117266272.6,0.58
1159,6484362.154,0.51
1160,156251239.3,0.65
1161,-19635044.15,0.49000000000000005
1162,500911374.8,0.52
1163,27589180.31,0.71
1164,-34351759.53,0.54
1165,-1694379.217,0.47000000000000003
1166,5293460.944,0.74
1167,82061081.38,0.5
1168,32858110.03,0.5700000000000001
1169,83391148.73,0.64
1170,-20523241.13,0.75
1171,-22584909.23,0.64
1172,269431862.0,0.61
1173,-64298302.54,0.6599999999999999
1174,201688061.5,0.6599999999999999
1175,-10545165.97,0.52
1176,-20491043.0,0.63
1177,-13543960.24,0.48
1178,479607405.2,0.6900000000000001
1179,-1194570.702,0.6900000000000001
1180,-65277263.29,0.5700000000000001
1181,147003409.2,0.6
1182,531163.8031,0.62
1183,-1493284.2280000001,0.43
1184,38709826.34,0.5599999999999999
1185,271961759.3,0.6799999999999999
1186,260361408.4,0.76
1187,28573419.39,0.82
1188,168100155.6,0.52
1189,129135734.1,0.5700000000000001
1190,73538714.9,0.72
1191,227380354.3,0.79
1192,9741462.094,0.6799999999999999
1193,107844452.3,0.62
1194,230444321.1,0.64
1195,257894470.0,0.6599999999999999
1196,9858.091739,0.61
1197,-56088322.28,0.7
1198,46734299.83,0.74
1199,-18991202.64,0.54
1200,-30317380.58,0.5900000000000001
1201,30326352.22,0.6799999999999999
1202,54.37356299,0.6599999999999999
1203,-15817763.78,0.6599999999999999
1204,49451119.39,0.67
1205,139808636.8,0.65
1206,119622555.3,0.6
1207,392030413.5,0.62
1208,-30847705.71,0.45
1209,40724015.89,0.71
1210,-13456919.7,0.63
1211,73032070.27,0.5599999999999999
1212,146030855.7,0.5900000000000001
1213,-63379016.3,0.42000000000000004
1214,300513674.8,0.62
1215,22365873.11,0.63
1216,-9807013.543,0.55
1217,-66151848.87,0.53
1218,566068389.5,0.79
1219,499640207.6,0.74
1220,25374329.4,0.67
1221,-4611446.593,0.51
1222,13.18146982,0.65
1223,27168218.69,0.61
1224,9886102.362,0.5900000000000001
1225,494305.1181,0.61
1226,-34495090.91,0.55
1227,1068938.113,0.72
1228,484932860.7,0.8300000000000001
1229,16669013.21,0.5
1230,9556565.617,0.48
1231,-5948957.153,0.6
1232,26075016.79,0.5700000000000001
1233,-49954862.44,0.7
1234,75594898.96,0.6599999999999999
1235,48359799.14,0.5700000000000001
1236,-19654365.68,0.6900000000000001
1237,-6388793.142999999,0.6799999999999999
1238,-15482021.86,0.67
1239,229588250.5,0.76
1240,325907308.4,0.72
1241,28380086.78,0.5599999999999999
1242,209975571.2,0.78
1243,454928222.1,0.71
1244,-17892490.88,0.65
1245,76122988.19,0.72
1246,-1.647683727,0.5700000000000001
1247,171681921.8,0.5599999999999999
1248,-13675774.93,0.6799999999999999
1249,6977601.161,0.72
1250,171997082.5,0.71
1251,416211246.5,0.7
1252,-4445091.633,0.6900000000000001
1253,16339294.03,0.5599999999999999
1254,52159334.68,0.6799999999999999
1255,246882757.7,0.7
1256,37520604.79,0.76
1257,357779609.4,0.6900000000000001
1258,101322623.6,0.47000000000000003
1259,39141261.21,0.6599999999999999
1260,93252681.54,0.65
1261,-3601568.965,0.6
1262,20285412.52,0.52
1263,13235472.27,0.71
1264,1188158448.0,0.6799999999999999
1265,137712230.6,0.62
1266,-22429983.14,0.5700000000000001
1267,-5137530.788,0.5
1268,604475459.7,0.6900000000000001
1269,-11299112.41,0.52
1270,89345112.53,0.58
1271,-1700834.614,0.37
1272,-12359513.75,0.58
1273,-25126088.11,0.6900000000000001
1274,-43947151.51,0.6
1275,-33000603.57,0.5900000000000001
1276,272392679.4,0.67
1277,126773776.0,0.6
1278,-12494164.07,0.53
1279,116216901.6,0.76
1280,107179343.0,0.61
1281,644126303.2,0.63
1282,50207023.36,0.63
1283,179673551.4,0.72
1284,166444410.5,0.72
1285,12327189.92,0.63
1286,-3163349.64,0.6599999999999999
1287,-109907.7254,0.65
1288,-58213261.98,0.5900000000000001
1289,194636388.6,0.75
1290,-36292653.15,0.64
1291,-15044014.02,0.52
1292,6891313.93,0.6900000000000001
1293,21799373.28,0.61
1294,144678602.9,0.6599999999999999
1295,11007079.29,0.61
1296,-55407740.61,0.58
1297,15408557.69,0.45999999999999996
1298,4019179.5919999997,0.7
1299,87800735.66,0.63
1300,-28258557.51,0.6599999999999999
1301,367286288.4,0.6599999999999999
1302,-44331828.55,0.63
1303,10632878.65,0.6599999999999999
1304,25977584.1,0.6900000000000001
1305,192109469.6,0.63
1306,-4556167.67,0.65
1307,15635317.39,0.64
1308,10941505.0,0.7
1309,-3821893.352,0.55
1310,212534725.8,0.6799999999999999
1311,-9442519.439,0.6
1312,160475052.9,0.5900000000000001
1313,-20737485.15,0.4
1314,-8722295.27,0.54
1315,-2858362.664,0.54
1316,-31581224.86,0.63
1317,78651.38565,0.67
1318,5331187.26,0.75
1319,-10306639.6,0.6799999999999999
1320,111761642.5,0.5700000000000001
1321,14171121.92,0.6
1322,119662880.3,0.5599999999999999
1323,254542577.5,0.72
1324,-18041095.3,0.71
1325,-34704150.91,0.5599999999999999
1326,7869758.998,0.51
1327,-4066019.289,0.71
1328,-14529854.43,0.64
1329,42735375.39,0.55
1330,-23894375.46,0.5700000000000001
1331,222220.8927,0.7
1332,403195884.1,0.65
1333,18416503.41,0.6799999999999999
1334,516379.251,0.62
1335,10881298.64,0.75
1336,169886220.3,0.58
1337,52455349.57,0.64
1338,70403831.78,0.41
1339,7053002.6729999995,0.43
1340,132073503.4,0.63
1341,135807971.4,0.76
1342,77063272.34,0.6900000000000001
1343,106873.0166,0.6599999999999999
1344,186903801.1,0.54
1345,46720275.33,0.67
1346,-97585602.86,0.61
1347,43693584.88,0.51
1348,1375618.905,0.61
1349,-15573673.35,0.47000000000000003
1350,96973978.18,0.65
1351,17836200.61,0.6
1352,-2411229.544,0.44000000000000006
1353,22152399.83,0.67
1354,143936722.7,0.6
1355,-2864409.622,0.63
1356,33444731.68,0.4
1357,78325520.73,0.6
1358,-405929.7197,0.3
1359,-15480621.39,0.64
1360,153288269.7,0.55
1361,-1851152.981,0.6599999999999999
1362,-68110093.71,0.52
1363,-22394005.44,0.41
1364,-36003638.74,0.55
1365,2573704672.0,0.78
1366,96152362.33,0.71
1367,43295480.94,0.73
1368,-17717983.19,0.76
1369,-20591997.46,0.5599999999999999
1370,-67032990.18,0.44000000000000006
1371,781311277.7,0.71
1372,-40020667.04,0.61
1373,59452124.61,0.7
1374,92970055.94,0.76
1375,155405162.7,0.63
1376,20699976.6,0.67
1377,-73.53289097,0.72
1378,-61733955.04,0.61
1379,-200891.8581,0.61
1380,-12516236.76,0.5700000000000001
1381,853668362.1,0.64
1382,-33413685.16,0.5700000000000001
1383,-26393068.25,0.67
1384,-14570712.88,0.73
1385,-11594253.21,0.6599999999999999
1386,-30750741.58,0.54
1387,-7070907.15,0.5900000000000001
1388,6000174.386,0.7
1389,1654009.736,0.54
1390,16770363.26,0.58
1391,51353287.1,0.5599999999999999
1392,142.37219309999998,0.49000000000000005
1393,-5301838.778,0.5700000000000001
1394,-36715164.9,0.75
1395,413314316.6,0.74
1396,-47746009.1,0.6
1397,43965775.48,0.76
1398,74847161.54,0.52
1399,39632687.17,0.53
1400,-34912808.03,0.7
1401,142711602.2,0.78
1402,62581183.8,0.7
1403,-53519694.36,0.64
1404,126915155.5,0.73
1405,-22347615.57,0.6599999999999999
1406,73661988.13,0.52
1407,1408076.636,0.6799999999999999
1408,233134050.1,0.6599999999999999
1409,-68839302.18,0.51
1410,259205233.6,0.6900000000000001
1411,25367872.68,0.6900000000000001
1412,232118775.2,0.63
1413,262390545.5,0.75
1414,-9697337.74,0.64
1415,9256960.207,0.6900000000000001
1416,49152098.58,0.58
1417,20537109.51,0.6
1418,13864803.68,0.52
1419,-43622713.2,0.65
1420,-17584551.81,0.43
1421,-37315697.19,0.6599999999999999
1422,-2690673.126,0.6599999999999999
1423,4869861.321,0.71
1424,239227209.5,0.64
1425,72713192.64,0.63
1426,86515486.08,0.52
1427,-93097715.36,0.61
1428,38949809.12,0.63
1429,-445600.9255,0.64
1430,172166758.9,0.61
1431,228943630.7,0.71
1432,422822076.0,0.61
1433,144810171.8,0.5700000000000001
1434,-2889280.277,0.5900000000000001
1435,61168081.53,0.7
1436,81556010.37,0.71
1437,-5287338.262,0.6799999999999999
1438,-7661118.976,0.51
1439,344242439.9,0.5599999999999999
1440,325648596.7,0.6799999999999999
1441,-1227984.095,0.63
1442,-20484629.68,0.63
1443,-38510089.95,0.53
1444,5788036.377,0.5700000000000001
1445,21578476.43,0.5900000000000001
1446,195468410.1,0.6900000000000001
1447,46977137.61,0.6599999999999999
1448,-5344220.93,0.71
1449,-969379.3168,0.64
1450,-722169.8672,0.48
1451,80339823.69,0.72
1452,-2815325.414,0.6900000000000001
1453,383614922.2,0.55
1454,-296722.2041,0.75
1455,330167583.0,0.79
1456,251094130.4,0.5900000000000001
1457,8854804.627,0.4
1458,-12046550.22,0.72
1459,314450976.1,0.8
1460,12472242.83,0.74
1461,-16630171.13,0.5900000000000001
1462,14573480.01,0.64
1463,58604581.01,0.5900000000000001
1464,-66211713.52,0.6
1465,-35214860.55,0.51
1466,-1062185.6909999999,0.0
1467,5969763.899,0.8400000000000001
1468,22618959.08,0.62
1469,132768636.0,0.6599999999999999
1470,-24393489.11,0.47000000000000003
1471,16825552.4,0.7
1472,-21080243.16,0.71
1473,104815401.7,0.64
1474,637472194.0,0.67
1475,234612354.2,0.72
1476,45824051.19,0.6599999999999999
1477,162228966.8,0.6599999999999999
1478,247486493.1,0.6900000000000001
1479,-36818756.44,0.5599999999999999
1480,27224851.48,0.5700000000000001
1481,-21488313.61,0.53
1482,-30967174.59,0.63
1483,65268416.98,0.64
1484,-4651891.201,0.63
1485,108594816.2,0.5900000000000001
1486,1390778.457,0.5900000000000001
1487,-7019725.455,0.48
1488,-24694635.73,0.67
1489,221351766.4,0.67
1490,73945619.63,0.64
1491,634454816.8,0.8099999999999999
1492,71901195.79,0.63
1493,224062318.6,0.65
1494,9819.362073999999,0.53
1495,75486153.37,0.61
1496,420546735.7,0.62
1497,-18298866.45,0.67
1498,302356182.8,0.63
1499,21995841.26,0.5900000000000001
1500,56488774.49,0.75
1501,-18086938.78,0.64
1502,73154232.11,0.55
1503,36853247.09,0.38
1504,861251.7927,0.6599999999999999
1505,13765798.78,0.67
1506,13414526.32,0.61
1507,10567978.27,0.6900000000000001
1508,-69333265.31,0.54
1509,338350862.5,0.65
1510,98577144.32,0.6599999999999999
1511,107958105.4,0.6799999999999999
1512,-2341728.0209999997,0.77
1513,-51796326.22,0.65
1514,-1273389.8229999999,0.5700000000000001
1515,16864419.98,0.53
1516,97285260.61,0.7
1517,360921108.7,0.6
1518,7932660.043,0.64
1519,367238.7121,0.5599999999999999
1520,-18346462.23,0.67
1521,28469112.94,0.54
1522,-27104228.83,0.54
1523,-44780378.56,0.74
1524,-7172503.687000001,0.49000000000000005
1525,341845213.8,0.85
1526,-23461554.02,0.5700000000000001
1527,-52098779.03,0.72
1528,149.2172449,0.48
1529,31128963.08,0.6900000000000001
1530,614001634.9,0.75
1531,-9046774.776,0.6799999999999999
1532,2410981.403,0.74
1533,953794055.0,0.79
1534,36107922.02,0.74
1535,16390640.15,0.71
1536,514417560.5,0.8
1537,449158979.6,0.74
1538,15989713.01,0.54
1539,84309600.29,0.5700000000000001
1540,1219839760.0,0.64
1541,506261688.1,0.67
1542,-2993083.9039999996,0.61
1543,-6551066.616,0.61
1544,-148163832.9,0.65
1545,-5722942.558999999,0.78
1546,115010594.8,0.67
1547,14866854.75,0.74
1548,85338245.2,0.62
1549,1460785.581,0.64
1550,373706300.0,0.63
1551,6646010.9860000005,0.71
1552,1284850.913,0.5900000000000001
1553,-57634013.83,0.58
1554,68173940.76,0.6900000000000001
1555,-10259662.28,0.67
1556,-14889921.62,0.62
1557,-11619387.09,0.6
1558,168794913.7,0.5700000000000001
1559,-55376102.19,0.44000000000000006
1560,-31422694.97,0.6
1561,58601705.75,0.61
1562,-9764554.941,0.65
1563,-4087452.2210000004,0.65
1564,5796987.472,0.55
1565,33086470.26,0.7
1566,49739081.63,0.6599999999999999
1567,-67.82602041,0.52
1568,-2413115.661,0.52
1569,38545949.43,0.6799999999999999
1570,-4930366.873,0.6900000000000001
1571,68856849.31,0.7
1572,78534514.6,0.53
1573,28727545.15,0.72
1574,115786.5531,0.6
1575,133840731.9,0.72
1576,89779389.01,0.6
1577,45022029.1,0.5599999999999999
1578,-14837017.33,0.61
1579,-51746893.11,0.45
1580,17260671.64,0.77
1581,440379.2781,0.58
1582,-4879396.3719999995,0.52
1583,-21234643.4,0.48
1584,-3440866.769,0.67
1585,-6110013.598999999,0.55
1586,65754726.79,0.61
1587,118309161.0,0.67
1588,-70600398.56,0.78
1589,-88529587.57,0.48
1590,1247712.399,0.74
1591,-19594183.67,0.55
1592,86829798.17,0.72
1593,31715043.2,0.61
1594,-42428791.65,0.53
1595,143301601.3,0.63
1596,-66252079.63,0.7
1597,-12202693.4,0.5599999999999999
1598,-7433882.745,0.55
1599,-55770494.31,0.65
1600,57319977.61,0.49000000000000005
1601,279134669.4,0.64
1602,100495987.4,0.61
1603,22904999.15,0.72
1604,155602758.7,0.76
1605,-48892349.85,0.72
1606,-628862.6298,0.6
1607,291377.4466,0.6799999999999999
1608,2.916457607,0.67
1609,2594620.6780000003,0.5700000000000001
1610,-18397468.1,0.75
1611,-1452.3958890000001,0.53
1612,-835285.1246,0.55
1613,44801303.53,0.82
1614,-929224.2241,0.49000000000000005
1615,-12965374.78,0.55
1616,18388257.92,0.64
1617,4214438.731000001,0.8
1618,44187707.09,0.65
1619,-16955686.66,0.51
1620,-13352114.55,0.45999999999999996
1621,44020513.87,0.6799999999999999
1622,36821890.09,0.64
1623,-322068.7883,0.67
1624,4374686.411,0.55
1625,54027033.04,0.71
1626,54109395.26,0.71
1627,61804414.7,0.58
1628,243524210.2,0.64
1629,252445830.5,0.71
1630,300040254.6,0.63
1631,-14265126.19,0.47000000000000003
1632,1086173.39,0.6599999999999999
1633,-27075332.3,0.71
1634,143798524.9,0.54
1635,2929059.6210000003,0.65
1636,16040516.84,0.61
1637,71201416.1,0.63
1638,4054247.923,0.67
1639,-5185745.981000001,0.64
1640,-15019756.68,0.53
1641,93157681.38,0.63
1642,91066285.26,0.6
1643,11269364.27,0.73
1644,-32955970.96,0.3
1645,-14335891.12,0.5599999999999999
1646,-59117431.27,0.65
1647,-27187349.06,0.5
1648,10260103.7,0.6
1649,401660440.2,0.6599999999999999
1650,79489.51032,0.64
1651,377710090.8,0.62
1652,6853675.377,0.62
1653,1400290.457,0.42000000000000004
1654,22682068.05,0.64
1655,297874273.0,0.73
1656,214654632.4,0.62
1657,96296705.54,0.6
1658,151297476.7,0.6
1659,-42471475.33,0.5900000000000001
1660,443464450.7,0.63
1661,7291635.442000001,0.47000000000000003
1662,-1747827.211,0.45999999999999996
1663,322763673.7,0.7
1664,20539848.28,0.5900000000000001
1665,-34314639.2,0.45999999999999996
1666,177662250.5,0.5900000000000001
1667,-153254.0144,0.53
1668,6747767.136,0.5599999999999999
1669,-64434766.36,0.5
1670,15494265.79,0.64
1671,-1165234.1809999999,0.6799999999999999
1672,27372666.61,0.7
1673,-36075761.08,0.62
1674,330650556.7,0.64
1675,-9046645.075,0.5700000000000001
1676,71558167.38,0.55
1677,8438950.538999999,0.45999999999999996
1678,-6670845.324,0.64
1679,16714227.8,0.63
1680,634950856.0,0.78
1681,-209554.5339,0.74
1682,-27345531.03,0.6799999999999999
1683,3228451.9310000003,0.6
1684,-23504514.14,0.53
1685,-17378549.73,0.6599999999999999
1686,89004375.64,0.47000000000000003
1687,-29422063.98,0.5599999999999999
1688,27160157.07,0.62
1689,-3232246.185,0.65
1690,-3804663.8030000003,0.43
1691,-49175629.38,0.67
1692,599985.5093,0.52
1693,371785451.1,0.5700000000000001
1694,4578812.08,0.52
1695,601762425.2,0.76
1696,26055423.8,0.5900000000000001
1697,70208303.49,0.6799999999999999
1698,391024797.3,0.6
1699,110649109.9,0.65
1700,364857764.9,0.65
1701,-13069082.88,0.58
1702,-33036663.47,0.5700000000000001
1703,438438982.7,0.6799999999999999
1704,18401849.75,0.42000000000000004
1705,36516470.53,0.6599999999999999
1706,-61365708.73,0.5700000000000001
1707,-30230797.25,0.5900000000000001
1708,191964766.5,0.67
1709,-1535673.145,0.71
1710,84688039.14,0.5700000000000001
1711,-7507251.406,0.62
1712,12779976.63,0.61
1713,-6705844.337,0.78
1714,-4253647.657,0.5900000000000001
1715,-62893431.81,0.7
1716,181964174.3,0.6799999999999999
1717,73379962.14,0.62
1718,143305191.1,0.5900000000000001
1719,1988522.146,0.61
1720,-7940142.292,0.65
1721,-19834997.23,0.5
1722,1371364.6609999998,0.7
1723,160127403.4,0.5700000000000001
1724,71519768.29,0.75
1725,18973606.64,0.7
1726,175497957.8,0.64
1727,674997.1678,0.62
1728,192727886.5,0.7
1729,359493261.6,0.78
1730,42936739.14,0.74
1731,5582105.774,0.63
1732,475009476.0,0.62
1733,33603816.49,0.5900000000000001
1734,150443498.1,0.51
1735,-56726784.1,0.61
1736,93656424.19,0.6900000000000001
1737,19343941.96,0.64
1738,-5635745.688999999,0.6
1739,-3755164.106,0.55
1740,18840390.9,0.55
1741,365180748.6,0.61
1742,-1596582.544,0.62
1743,-20284382.34,0.53
1744,8932660.079,0.51
1745,47322044.28,0.52
1746,100020863.7,0.75
1747,-482.08006780000005,0.5
1748,-87062368.55,0.61
1749,17625366.22,0.52
1750,-5069681.602,0.5599999999999999
1751,-10447096.18,0.63
1752,-98671131.65,0.45
1753,24518538.37,0.67
1754,553647.6896,0.6900000000000001
1755,5571034.947000001,0.65
1756,-23718812.91,0.36
1757,56144267.37,0.6599999999999999
1758,738941778.5,0.65
1759,-23724994.15,0.6
1760,68591754.42,0.49000000000000005
1761,-23711958.64,0.45999999999999996
1762,-25411193.7,0.62
1763,418903860.7,0.79
1764,39178209.65,0.5599999999999999
1765,267508799.8,0.5700000000000001
1766,150527905.7,0.5700000000000001
1767,326139601.5,0.5900000000000001
1768,365391716.7,0.72
1769,19263894.74,0.65
1770,147025563.3,0.54
1771,-5893874.91,0.6599999999999999
1772,61037810.99,0.5900000000000001
1773,82747101.28,0.61
1774,421283013.7,0.63
1775,-42463303.37,0.74
1776,118416893.9,0.6799999999999999
1777,59410798.15,0.76
1778,169269756.1,0.5700000000000001
1779,22589880.24,0.51
1780,114070635.1,0.55
1781,34427558.34,0.44000000000000006
1782,49823475.66,0.76
1783,32004532.12,0.6599999999999999
1784,7404249.317000001,0.6799999999999999
1785,452602760.7,0.73
1786,15169132.39,0.6900000000000001
1787,52466546.43,0.63
1788,102003993.2,0.62
1789,-24518993.36,0.58
1790,140991251.3,0.64
1791,9371702.672,0.61
1792,140979311.5,0.73
1793,-5614949.33,0.54
1794,-11166514.73,0.7
1795,-9236894.923,0.55
1796,52999090.08,0.5700000000000001
1797,2814123.627,0.75
1798,-147945.1537,0.52
1799,5803899.321,0.65
1800,10207347.41,0.62
1801,-3246491.077,0.67
1802,-15338534.01,0.63
1803,130889005.9,0.72
1804,19263875.2,0.74
1805,-52164003.67,0.5900000000000001
1806,289559426.7,0.58
1807,69701055.54,0.61
1808,21674085.05,0.71
1809,44058144.09,0.76
1810,61962464.02,0.55
1811,706904.5899,0.5
1812,-358239.9381,0.79
1813,6560327.404,0.61
1814,-2706703.151,0.74
1815,-54987321.53,0.6
1816,20366706.72,0.64
1817,-4168867.527,0.65
1818,3826329.104,0.5900000000000001
1819,174476792.7,0.62
1820,-488148.3789,0.64
1821,89027330.62,0.61
1822,207135240.1,0.67
1823,23176761.54,0.55
1824,-20435217.47,0.7
1825,139451194.9,0.58
1826,69730426.26,0.5599999999999999
1827,4206712.241,0.6799999999999999
1828,105850960.8,0.6799999999999999
1829,94517330.83,0.6900000000000001
1830,952934386.4,0.71
1831,30403362.78,0.62
1832,77603148.56,0.67
1833,210240939.5,0.63
1834,1946373.767,0.7
1835,56383987.32,0.75
1836,-43976680.18,0.62
1837,357849006.8,0.73
1838,91804840.64,0.74
1839,281780129.0,0.7
1840,23167489.15,0.74
1841,469339664.8,0.65
1842,40553145.4,0.5599999999999999
1843,-10610104.05,0.63
1844,-40535181.27,0.48
1845,17857047.88,0.5
1846,215003178.9,0.74
1847,-67813822.42,0.55
1848,-50861887.56,0.53
1849,19541400.78,0.5900000000000001
1850,16028039.77,0.61
1851,35867920.09,0.54
1852,32323625.05,0.61
1853,-6892439.094,0.63
1854,96503510.43,0.64
1855,18880950.29,0.61
1856,92465400.0,0.71
1857,-24180113.37,0.67
1858,1970392.94,0.61
1859,-28339597.57,0.6
1860,27659320.05,0.41
1861,153769468.3,0.5700000000000001
1862,41896657.07,0.6
1863,552125385.2,0.6599999999999999
1864,11163089.97,0.75
1865,192968248.1,0.6599999999999999
1866,142522147.0,0.58
1867,-5572812.192000001,0.63
1868,1585516.892,0.71
1869,94418390.97,0.63
1870,63181104.6,0.72
1871,-92800310.69,0.54
1872,109060740.4,0.54
1873,33869807.55,0.51
1874,-9659204.686,0.29
1875,27672926.23,0.6900000000000001
1876,-3504357.856,0.5599999999999999
1877,83937138.39,0.5700000000000001
1878,21333802.34,0.65
1879,125949629.5,0.55
1880,60929971.29,0.62
1881,-63778163.35,0.36
1882,52588431.48,0.6
1883,147880842.7,0.54
1884,42974176.31,0.58
1885,28342179.61,0.6799999999999999
1886,164783268.3,0.6
1887,17400413.16,0.6900000000000001
1888,-25007383.12,0.35
1889,157869879.1,0.58
1890,23330647.51,0.63
1891,114950141.2,0.62
1892,-58786419.58,0.6
1893,3532185.6980000003,0.55
1894,138081170.9,0.51
1895,4866115.211,0.7
1896,406290510.5,0.7
1897,-49217295.44,0.5599999999999999
1898,-41024.60613,0.7
1899,71481679.85,0.72
1900,27504595.83,0.6900000000000001
1901,204996266.6,0.62
1902,3549674.482,0.65
1903,7499860.534,0.62
1904,-8185815.257999999,0.42000000000000004
1905,86052388.7,0.65
1906,55172355.26,0.73
1907,1155004225.0,0.78
1908,604287.6308,0.71
1909,218832464.3,0.63
1910,206001966.5,0.79
1911,50007612.41,0.6
1912,81801946.91,0.5900000000000001
1913,179899086.8,0.77
1914,702841975.1,0.77
1915,-626.402788,0.75
1916,375279699.5,0.6599999999999999
1917,-19496440.14,0.53
1918,14943265.66,0.61
1919,235649203.8,0.5900000000000001
1920,-667888.6668,0.54
1921,128301359.8,0.6900000000000001
1922,83706579.86,0.6900000000000001
1923,9569390.263,0.71
1924,14717740.19,0.53
1925,84627304.62,0.7
1926,74428597.91,0.54
1927,-32558398.51,0.52
1928,133157204.2,0.61
1929,195617205.9,0.64
1930,217005553.1,0.5
1931,138642894.5,0.6
1932,87923485.22,0.61
1933,240802337.1,0.61
1934,-1005994.689,0.6900000000000001
1935,20796268.23,0.5599999999999999
1936,19390191.86,0.5599999999999999
1937,72219267.09,0.78
1938,-19967241.2,0.52
1939,717086741.1,0.77
1940,-908982.0831,0.63
1941,328940723.9,0.65
1942,29994001.36,0.45
1943,48447709.89,0.71
1944,70338102.86,0.65
1945,555333.2997,0.6900000000000001
1946,10772011.75,0.6599999999999999
1947,-4650391.307,0.51
1948,1626931.425,0.6
1949,302066056.4,0.6799999999999999
1950,21409848.08,0.64
1951,248267119.4,0.79
1952,98842815.05,0.6900000000000001
1953,69467343.81,0.8099999999999999
1954,19855808.14,0.65
1955,-17234750.88,0.53
1956,5056723.376,0.62
1957,61.14834304,0.51
1958,161488629.2,0.67
1959,-22596629.74,0.67
1960,-1565469.365,0.49000000000000005
1961,-158427432.8,0.58
1962,67304542.87,0.55
1963,-57414904.37,0.5
1964,150364462.8,0.71
1965,17670030.04,0.77
1966,62571254.35,0.5700000000000001
1967,3569223.466,0.62
1968,148939911.1,0.71
1969,138172.657,0.6799999999999999
1970,1791642.4630000002,0.62
1971,101142649.4,0.67
1972,1023355749.0,0.7
1973,-1724298.198,0.53
1974,-176115.2038,0.63
1975,41548864.77,0.6900000000000001
1976,-26455.96355,0.5700000000000001
1977,115122694.7,0.79
1978,27211715.86,0.62
1979,84950157.44,0.58
1980,-8040394.297,0.5900000000000001
1981,3885578.4069999997,0.58
1982,19330462.78,0.63
1983,73310794.99,0.65
1984,-17395153.62,0.51
1985,580434613.5,0.62
1986,388524633.1,0.6
1987,112634628.4,0.74
1988,-31891280.24,0.5900000000000001
1989,146439370.6,0.67
1990,-2657844.634,0.51
1991,-10149117.5,0.53
1992,85839230.42,0.6799999999999999
1993,193593067.2,0.6599999999999999
1994,-434278.1909,0.4
1995,-21268972.93,0.52
1996,-18403283.75,0.5599999999999999
1997,60773606.05,0.6799999999999999
1998,15951741.66,0.5599999999999999
1999,135726.7232,0.58
2000,14320321.15,0.64
2001,-7585328.328,0.63
2002,1460092.159,0.6
2003,557343753.6,0.64
2004,-20194369.23,0.72
2005,-33177805.49,0.5900000000000001
2006,32277981.03,0.72
2007,162388013.6,0.78
2008,159688180.0,0.62
2009,261472335.4,0.64
2010,-374053.7196,0.6
2011,-5587300.902000001,0.65
2012,37898783.25,0.67
2013,146581551.1,0.58
2014,172761863.3,0.5900000000000001
2015,44291322.76,0.6599999999999999
2016,-23791518.88,0.44000000000000006
2017,203071375.4,0.71
2018,773525768.4,0.71
2019,117650777.2,0.6799999999999999
2020,776007488.6,0.7
2021,-40153692.21,0.5599999999999999
2022,-10899955.35,0.51
2023,79035159.91,0.6599999999999999
2024,100463585.1,0.5700000000000001
2025,211915239.0,0.73
2026,124293715.2,0.7
2027,200466247.3,0.55
2028,136535834.1,0.74
2029,428583222.4,0.7
2030,3747323.332,0.52
2031,1014863.098,0.77
2032,-6581482.567000001,0.67
2033,-4511999.313999999,0.5599999999999999
2034,25495557.04,0.47000000000000003
2035,-11510489.65,0.64
2036,139273184.2,0.64
2037,20574578.69,0.53
2038,-10226643.08,0.47000000000000003
2039,689178.7834,0.65
2040,160997089.8,0.64
2041,216503991.2,0.63
2042,514498.0567,0.47000000000000003
2043,1009504.142,0.72
2044,383282653.2,0.64
2045,23973513.16,0.62
2046,41004889.79,0.63
2047,46356161.25,0.61
2048,-1154603.615,0.35
2049,473422866.0,0.6599999999999999
2050,-7155920.767999999,0.58
2051,143682471.4,0.6
2052,588462981.3,0.6799999999999999
2053,66048746.21,0.6
2054,54292234.05,0.55
2055,-5531387.052999999,0.73
2056,-29050984.13,0.39
2057,99253559.56,0.74
2058,60678224.5,0.48
2059,-15319755.2,0.65
2060,60911993.16,0.67
2061,16569100.6,0.6599999999999999
2062,6807365.48,0.61
2063,-12466631.96,0.55
2064,26409193.2,0.75
2065,57671590.4,0.6799999999999999
2066,84754929.39,0.53
2067,43607357.34,0.58
2068,36522134.83,0.5900000000000001
2069,14238309.49,0.48
2070,-5820471.255,0.54
2071,-1012793.09,0.63
2072,47507392.34,0.6599999999999999
2073,20323251.83,0.5
2074,-6428.75064,0.5900000000000001
2075,1676209.2980000002,0.58
2076,23520881.54,0.72
2077,7807343.499,0.6799999999999999
2078,93859759.34,0.62
2079,-2550485.956,0.45999999999999996
2080,591109965.4,0.64
2081,24343829.77,0.55
2082,15879488.52,0.71
2083,-9184127.308,0.53
2084,36953521.99,0.71
2085,97432774.09,0.58
2086,119125986.3,0.63
2087,0.0,0.48
2088,4428450.021000001,0.6799999999999999
2089,-12303115.4,0.7
2090,-1731106.9719999998,0.6799999999999999
2091,114492360.1,0.61
2092,-666764.3014,0.61
2093,315236026.1,0.64
2094,99315148.28,0.76
2095,20106161.92,0.64
2096,34752221.34,0.5900000000000001
2097,-5753690.679,0.74
2098,-9189420.741,0.5900000000000001
2099,5100619.616,0.65
2100,-6383892.103999999,0.61
2101,-391270.4787,0.71
2102,-53561609.11,0.6599999999999999
2103,-18337863.34,0.54
2104,36986043.76,0.5700000000000001
2105,-14634042.8,0.67
2106,-5751791.626,0.6
2107,-89788428.99,0.6599999999999999
2108,-74659725.97,0.51
2109,-167836.6787,0.74
2110,238759933.8,0.62
2111,20011063.98,0.7
2112,152662024.3,0.74
2113,14233810.65,0.5700000000000001
2114,-2169366.474,0.5599999999999999
2115,14594999.72,0.55
2116,24976938.27,0.48
2117,-4353828.941000001,0.6599999999999999
2118,211419320.1,0.58
2119,-8925246.662,0.62
2120,131180086.6,0.6
2121,947597844.3,0.73
2122,88950546.78,0.6
2123,-938406.0167,0.51
2124,90396429.37,0.73
2125,-38249144.11,0.5
2126,81995528.32,0.53
2127,-5841328.693,0.51
2128,-10709501.4,0.6900000000000001
2129,4178687.916,0.55
2130,78178334.2,0.52
2131,12340798.16,0.7
2132,56540373.29,0.64
2133,59692452.73,0.49000000000000005
2134,-872380.1761,0.63
2135,143298829.3,0.5599999999999999
2136,191480457.4,0.65
2137,-12569182.1,0.7
2138,107294867.2,0.63
2139,-3267640.091,0.61
2140,3401440.392,0.61
2141,5468098.575,0.5700000000000001
2142,-6703597.73,0.62
2143,41369059.23,0.65
2144,-16026449.76,0.64
2145,18068724.98,0.65
2146,11633048.0,0.5599999999999999
2147,-36246563.86,0.52
2148,425964100.2,0.67
2149,800678159.7,0.6599999999999999
2150,-10704936.79,0.67
2151,99863970.96,0.74
2152,93206174.02,0.6799999999999999
2153,578543603.9,0.65
2154,723602660.9,0.6599999999999999
2155,13283661.19,0.63
2156,-6445712.416,0.75
2157,27263514.05,0.6900000000000001
2158,36148962.65,0.52
2159,-32490819.43,0.61
2160,95200652.4,0.55
2161,56353343.26,0.7
2162,-2328109.404,0.62
2163,363147423.4,0.73
2164,-2491103.506,0.38
2165,121998509.9,0.6
2166,97661300.47,0.5700000000000001
2167,115244138.9,0.76
2168,165987979.8,0.54
2169,191664411.6,0.64
2170,117318204.3,0.54
2171,175374156.4,0.74
2172,139888803.8,0.61
2173,-4007264.155,0.67
2174,-6533143.988,0.5900000000000001
2175,328079823.9,0.64
2176,131479363.6,0.67
2177,-30017937.37,0.6799999999999999
2178,76404288.28,0.65
2179,-1295495.3909999998,0.6900000000000001
2180,5246000.147,0.67
2181,26997511.27,0.5700000000000001
2182,-5102048.326,0.6799999999999999
2183,192789.3922,0.7
2184,22321053.19,0.5900000000000001
2185,38526790.24,0.6599999999999999
2186,-30521063.13,0.5900000000000001
2187,23844999.9,0.54
2188,-36750178.32,0.62
2189,559318372.4,0.74
2190,193289238.3,0.61
2191,-8231758.286,0.63
2192,-8043862.74,0.5900000000000001
2193,313980026.4,0.79
2194,3959714.5039999997,0.63
2195,5906577.217999999,0.6799999999999999
2196,100213607.6,0.6900000000000001
2197,32844333.49,0.54
2198,19312580.83,0.63
2199,190571885.7,0.5700000000000001
2200,-14758353.06,0.65
2201,1494684.524,0.37
2202,-2730827.238,0.54
2203,14300208.59,0.67
2204,-31253149.65,0.64
2205,164067947.9,0.67
2206,-78587786.95,0.51
2207,-2160818.0840000003,0.6
2208,-1915554.055,0.63
2209,44547086.79,0.6
2210,-450612.508,0.64
2211,-16475831.53,0.64
2212,8555122.072,0.51
2213,248923956.0,0.8099999999999999
2214,-666391.3937,0.38
2215,-8220813.458,0.6599999999999999
2216,445428965.7,0.71
2217,88924247.88,0.72
2218,-1715392.132,0.64
2219,29461756.54,0.72
2220,36271023.57,0.61
2221,150815153.2,0.5599999999999999
2222,12553271.14,0.71
2223,-1233092.312,0.5599999999999999
2224,-607580.5399,0.65
2225,5055944.782,0.61
2226,-13923412.32,0.72
2227,-348571.6411,0.6799999999999999
2228,2697417.3019999997,0.54
2229,-11688741.88,0.45
2230,-18084326.31,0.62
2231,-6195591.908,0.47000000000000003
2232,15429247.19,0.63
2233,6453461.11,0.5599999999999999
2234,26452986.49,0.5900000000000001
2235,-3516067.2260000003,0.6900000000000001
2236,-823322.0585,0.6
2237,1333023.182,0.5
2238,22551171.08,0.54
2239,105795863.2,0.67
2240,-1550644.267,0.42000000000000004
2241,-3746658.435,0.49000000000000005
2242,-40748626.33,0.55
2243,305572.0585,0.58
2244,-10591095.39,0.62
2245,-2474056.629,0.0
2246,116898475.7,0.58
2247,-20930183.22,0.64
2248,-1930702.6830000002,0.39
2249,76949737.27,0.63
2250,-1478938.0219999999,0.41
2251,-9785885.167000001,0.63
2252,60033995.18,0.5599999999999999
2253,-3024364.595,0.61
2254,-10079548.33,0.49000000000000005
2255,206764.6925,0.5900000000000001
2256,13841919.63,0.47000000000000003
2257,112681995.6,0.63
2258,-26723260.33,0.6799999999999999
2259,127290880.2,0.6799999999999999
2260,21918889.63,0.54
2261,46827371.27,0.55
2262,1458018.667,0.67
2263,-28659793.53,0.54
2264,-1236599.838,0.6599999999999999
2265,81180060.67,0.65
2266,-12064561.62,0.51
2267,-4694467.785,0.54
2268,2092519.721,0.58
2269,47082562.5,0.58
2270,13637034.51,0.6799999999999999
2271,845585.3845,0.74
2272,64728542.68,0.5599999999999999
2273,12654877.31,0.6
2274,-11012727.21,0.5900000000000001
2275,90304008.61,0.53
2276,86786753.11,0.82
2277,8798840.348,0.6599999999999999
2278,-282642.218,0.65
2279,-78633356.17,0.5900000000000001
2280,52533900.7,0.64
2281,547489910.2,0.6900000000000001
2282,271174031.9,0.7
2283,82070589.56,0.5599999999999999
2284,23413713.12,0.6799999999999999
2285,177576698.3,0.79
2286,14890924.13,0.58
2287,-3332070.793,0.64
2288,24438831.15,0.67
2289,166637543.0,0.5900000000000001
2290,128248656.0,0.63
2291,2176384.196,0.49000000000000005
2292,-2881878.579,0.41
2293,47348472.49,0.6799999999999999
2294,49963128.27,0.78
2295,84387315.72,0.6599999999999999
2296,-2422152.772,0.55
2297,-3664161.26,0.65
2298,153607284.0,0.71
2299,766455881.5,0.62
2300,228986106.1,0.62
2301,364978012.7,0.5700000000000001
2302,18818326.17,0.74
2303,7922607.39,0.67
2304,2691384.7410000004,0.71
2305,33592956.69,0.62
2306,-3487809.1610000003,0.64
2307,152275750.3,0.5700000000000001
2308,-20204204.47,0.6599999999999999
2309,48770623.74,0.49000000000000005
2310,-855428.0612,0.71
2311,396461802.4,0.62
2312,-48918272.12,0.64
2313,-12877338.88,0.6599999999999999
2314,118394989.8,0.6599999999999999
2315,143801263.9,0.54
2316,93963859.85,0.72
2317,122879717.0,0.7
2318,18650509.73,0.58
2319,527240905.6,0.71
2320,63228737.03,0.8099999999999999
2321,-1607018.4330000002,0.5900000000000001
2322,79027467.06,0.6
2323,122406171.6,0.5900000000000001
2324,-4.844305543,0.55
2325,82343305.8,0.6799999999999999
2326,-11702053.43,0.47000000000000003
2327,18185789.45,0.71
2328,-3061151.7939999998,0.42000000000000004
2329,7347407.872,0.5900000000000001
2330,19741326.23,0.61
2331,14771980.69,0.45999999999999996
2332,18440023.45,0.72
2333,2685449.256,0.63
2334,-15926693.58,0.67
2335,30784981.62,0.5700000000000001
2336,77686713.46,0.61
2337,-17467966.31,0.5900000000000001
2338,27577491.84,0.5599999999999999
2339,152450953.1,0.62
2340,-50819312.04,0.6900000000000001
2341,-86744769.15,0.64
2342,5166742.52,0.5900000000000001
2343,-878440.9347,0.73
2344,12525146.97,0.58
2345,10145369.76,0.72
2346,309415062.2,0.67
2347,-63765.593870000004,0.48
2348,34171576.29,0.61
2349,773827145.2,0.62
2350,-5635632.543,0.6
2351,142933939.4,0.62
2352,15653.16229,0.6
2353,-18033339.15,0.55
2354,157891058.5,0.71
2355,156655919.3,0.61
2356,-7320909.521000001,0.62
2357,573714518.3,0.77
2358,180830127.8,0.52
2359,80979305.59,0.33999999999999997
2360,-2617924.481,0.5599999999999999
2361,-5108196.666,0.63
2362,-10956826.06,0.65
2363,42020712.52,0.7
2364,41088050.48,0.6599999999999999
2365,49801914.63,0.73
2366,45896.1618,0.6799999999999999
2367,14274640.06,0.64
2368,18916648.61,0.73
2369,-1188696.905,0.58
2370,18714331.04,0.61
2371,2544527.196,0.62
2372,76384335.24,0.64
2373,4075100.066,0.55
2374,-4439912.605,0.63
2375,-8587927.947,0.64
2376,411899.1896,0.52
2377,-1905203.605,0.63
2378,-15827697.77,0.5700000000000001
2379,26204378.27,0.6900000000000001
2380,677851297.5,0.67
2381,-9133657.133,0.6
2382,242100.2249,0.6
2383,75705744.92,0.64
2384,-17169598.26,0.54
2385,48666766.68,0.62
2386,23962253.22,0.75
2387,9083072.894,0.58
2388,234150477.3,0.5900000000000001
2389,94946574.72,0.6799999999999999
2390,36046979.41,0.72
2391,17144549.31,0.5599999999999999
2392,-2781040.6689999998,0.6
2393,12362736.24,0.63
2394,147793093.3,0.6599999999999999
2395,214519229.0,0.75
2396,398070613.2,0.8
2397,85595789.41,0.62
2398,529382108.9,0.64
2399,21115916.21,0.61
2400,408498378.3,0.64
2401,181931633.6,0.65
2402,-10904774.26,0.52
2403,5139240.771000001,0.6
2404,246547.9494,0.65
2405,-7472275.706,0.74
2406,75087209.36,0.64
2407,-13194652.75,0.7
2408,38436816.45,0.71
2409,150780603.3,0.49000000000000005
2410,-9694104.33,0.64
2411,213102214.5,0.72
2412,-3638790.635,0.71
2413,6647886.467,0.5599999999999999
2414,11662958.71,0.64
2415,-1118958.255,0.64
2416,41034.95394,0.7
2417,-897725.9233,0.47000000000000003
2418,-3615546.3589999997,0.64
2419,968185.3558,0.62
2420,-2930446.6689999998,0.52
2421,39662860.5,0.49000000000000005
2422,-6916721.164,0.44000000000000006
2423,22340652.84,0.6799999999999999
2424,33653956.05,0.5599999999999999
2425,-12701797.11,0.31
2426,-43305676.02,0.62
2427,-284650.8356,0.61
2428,10089374.83,0.55
2429,15365441.93,0.5900000000000001
2430,4898442.66,0.38
2431,36730299.33,0.62
2432,1785401.875,0.6599999999999999
2433,8910533.114,0.5900000000000001
2434,-6959095.026000001,0.5
2435,276363403.0,0.8
2436,-15161846.33,0.37
2437,131987010.8,0.76
2438,1339290.205,0.64
2439,13032629.76,0.6599999999999999
2440,2209369.085,0.65
2441,32379550.38,0.49000000000000005
2442,282137674.4,0.65
2443,120195575.3,0.62
2444,-10646142.32,0.51
2445,50477399.61,0.6599999999999999
2446,73602182.32,0.65
2447,31489988.53,0.73
2448,66131378.48,0.5900000000000001
2449,45140309.58,0.75
2450,-23536942.34,0.43
2451,97658265.11,0.5599999999999999
2452,247415689.9,0.63
2453,-26432729.03,0.65
2454,20596311.57,0.6
2455,151920906.0,0.63
2456,53147950.07,0.65
2457,170003981.7,0.65
2458,63734373.38,0.37
2459,52999913.31,0.5599999999999999
2460,112049133.9,0.65
2461,8250950.812000001,0.64
2462,129647188.0,0.63
2463,31612910.28,0.74
2464,4163634.2739999997,0.5900000000000001
2465,-8465794.174,0.58
2466,187773635.3,0.53
2467,58801028.15,0.52
2468,186584006.5,0.64
2469,40614153.22,0.6599999999999999
2470,-7756257.0879999995,0.5900000000000001
2471,87034646.29,0.6599999999999999
2472,154970913.1,0.6
2473,-3965405.963,0.58
2474,15992335.29,0.62
2475,-16875410.21,0.67
2476,519204857.2,0.76
2477,-17124722.28,0.62
2478,552858498.3,0.63
2479,415920687.5,0.6
2480,-21374212.26,0.54
2481,-13331270.32,0.6
2482,51678297.15,0.5599999999999999
2483,585182608.8,0.71
2484,4.665183486,0.54
2485,-3323.943233,0.3
2486,20238052.31,0.62
2487,237924.3578,0.38
2488,157449942.6,0.6
2489,213747053.7,0.64
2490,-16086567.34,0.61
2491,-7274315.642000001,0.58
2492,1341240.252,0.2
2493,701685621.4,0.5900000000000001
2494,-13373650.01,0.6
2495,-24455665.09,0.48
2496,84952602.9,0.65
2497,40338190.13,0.73
2498,25223983.48,0.6599999999999999
2499,87674093.66,0.64
2500,39459811.88,0.5900000000000001
2501,67668783.86,0.75
2502,120599423.9,0.51
2503,149072089.5,0.6599999999999999
2504,63006265.52,0.5599999999999999
2505,-3183269.921,0.58
2506,-33100426.9,0.67
2507,136086442.4,0.62
2508,-24277076.07,0.5599999999999999
2509,2759827.887,0.48
2510,211642141.3,0.73
2511,71176723.16,0.62
2512,-1639695.2230000002,0.6
2513,146581240.7,0.6799999999999999
2514,-2332368.833,0.62
2515,117046.0107,0.39
2516,-810002.8716,0.52
2517,-9381100.815,0.6
2518,-427171.1207,0.2
2519,39339174.73,0.53
2520,8970847.524,0.64
2521,59268572.06,0.65
2522,101587.7441,0.64
2523,20270436.63,0.6900000000000001
2524,261086183.7,0.62
2525,932490137.2,0.6599999999999999
2526,3334386.855,0.5700000000000001
2527,-20211.50513,0.62
2528,803283527.0,0.6
2529,9039279.645,0.64
2530,28594731.35,0.6799999999999999
2531,-4395293.067,0.64
2532,141093440.2,0.63
2533,307955275.9,0.6
2534,772301721.8,0.58
2535,49679912.38,0.6
2536,2985802869.0,0.74
2537,79980749.69,0.63
2538,84273127.71,0.62
2539,-49747247.78,0.25
2540,655573631.5,0.79
2541,21027187.07,0.74
2542,-2513200.2369999997,0.6799999999999999
2543,65901571.83,0.55
2544,62295086.94,0.72
2545,325580175.4,0.6599999999999999
2546,-1045929.0040000001,0.5700000000000001
2547,-5108701.377,0.6900000000000001
2548,-15849221.38,0.5700000000000001
2549,-11675594.73,0.5700000000000001
2550,195816696.6,0.65
2551,8737834.667000001,0.6
2552,129452887.8,0.63
2553,84716791.79,0.58
2554,-5684924.74,0.42000000000000004
2555,70829281.44,0.5
2556,-36648474.22,0.54
2557,171082805.2,0.5599999999999999
2558,92222354.35,0.72
2559,324656408.5,0.6900000000000001
2560,64678435.16,0.73
2561,-15361837.11,0.54
2562,20742466.8,0.63
2563,58717449.21,0.63
2564,-3490198.505,0.54
2565,-28047343.44,0.62
2566,-10734828.05,0.5700000000000001
2567,241711564.6,0.61
2568,102808536.3,0.54
2569,79038516.43,0.61
2570,1003084.312,0.65
2571,17042574.52,0.5900000000000001
2572,-2458648.603,0.6799999999999999
2573,167162585.5,0.52
2574,75607506.92,0.76
2575,119205322.3,0.54
2576,36771717.82,0.62
2577,13107433.79,0.5700000000000001
2578,184105335.0,0.53
2579,95977960.53,0.5900000000000001
2580,65959524.82,0.64
2581,-9631132.162,0.52
2582,-5827415.382999999,0.67
2583,-10048717.21,0.5
2584,47293103.11,0.7
2585,-11693986.17,0.6900000000000001
2586,347592.7085,0.58
2587,-24124864.76,0.58
2588,-3047226.173,0.73
2589,104803582.1,0.6599999999999999
2590,31930444.34,0.53
2591,-16867381.22,0.61
2592,29385035.38,0.48
2593,430893189.7,0.55
2594,-9100300.412,0.55
2595,15713223.28,0.62
2596,156964107.9,0.6599999999999999
2597,72842380.36,0.72
2598,66972919.71,0.54
2599,162307703.1,0.6799999999999999
2600,194293308.8,0.7
2601,7574074.274,0.77
2602,3443752.307,0.5599999999999999
2603,-6520283.289,0.49000000000000005
2604,8.19322075,0.45999999999999996
2605,99095203.63,0.61
2606,43935513.05,0.72
2607,-3000463.95,0.72
2608,1911402.321,0.67
2609,86252055.05,0.73
2610,3077515.3389999997,0.6
2611,44137106.08,0.5900000000000001
2612,3901765.0510000004,0.55
2613,327972647.4,0.75
2614,167362295.2,0.65
2615,17212926.79,0.54
2616,15699139.13,0.62
2617,-3484778.104,0.61
2618,21569312.59,0.67
2619,-4316971.728999999,0.5700000000000001
2620,10361659.62,0.63
2621,2195621.637,0.7
2622,-8007463.852000001,0.58
2623,-5953672.393999999,0.55
2624,112006278.7,0.6
2625,-17694970.99,0.45
2626,148888718.0,0.6799999999999999
2627,-3335255.2339999997,0.6599999999999999
2628,-1643511.99,0.63
2629,264933641.9,0.64
2630,46146445.7,0.6
2631,40254482.55,0.61
2632,-143400.5498,0.65
2633,27157704.1,0.5900000000000001
2634,78082818.87,0.64
2635,-14417995.62,0.52
2636,-14100744.67,0.74
2637,67074860.36,0.61
2638,-1635231.042,0.62
2639,48915297.21,0.6
2640,546436618.3,0.72
2641,74561953.39,0.6
2642,88795066.56,0.67
2643,200963022.4,0.5700000000000001
2644,83857420.79,0.6900000000000001
2645,-10964339.29,0.65
2646,24354176.48,0.7
2647,-8065822.024,0.64
2648,-10285048.19,0.5
2649,68159383.59,0.53
2650,-2818350.6410000003,0.5599999999999999
2651,77430258.04,0.63
2652,8532022.939,0.55
2653,35503637.74,0.61
2654,32302591.22,0.5700000000000001
2655,99321645.29,0.61
2656,-11650932.5,0.65
2657,362518896.4,0.76
2658,-24353983.02,0.5900000000000001
2659,79017368.38,0.73
2660,-10941107.49,0.58
2661,166510298.2,0.61
2662,-2746758.6139999996,0.6
2663,3511.1404549999997,1.0
2664,77100343.27,0.6799999999999999
2665,15046705.1,0.6900000000000001
2666,216895769.4,0.5900000000000001
2667,212948900.9,0.72
2668,26670345.37,0.5900000000000001
2669,166897704.0,0.61
2670,-4479611.797,0.53
2671,4825893.85,0.6900000000000001
2672,676664209.7,0.62
2673,379878863.9,0.77
2674,6451086.646000001,0.63
2675,-1057457.852,0.63
2676,998377303.1,0.78
2677,-6641133.887999999,0.71
2678,246755128.5,0.72
2679,-41987435.92,0.45999999999999996
2680,63564004.35,0.6
2681,-22632295.47,0.58
2682,6761475.377,0.78
2683,488189396.1,0.6799999999999999
2684,-7620008.524,0.6900000000000001
2685,11568506.49,0.61
2686,300198728.3,0.63
2687,-21304066.39,0.5700000000000001
2688,-13769526.32,0.5900000000000001
2689,9735.382553,1.0
2690,60052752.19,0.6900000000000001
2691,194043105.8,0.45999999999999996
2692,-10801737.44,0.6599999999999999
2693,-2505659.919,0.6599999999999999
2694,-260417.4528,0.51
2695,148619.4703,0.6799999999999999
2696,404774.9582,0.5900000000000001
2697,169028563.2,0.63
2698,-11452272.66,0.61
2699,726055649.3,0.61
2700,-5721409.705,0.54
2701,29461570.75,0.54
2702,14157119.84,0.63
2703,69725176.04,0.41
2704,-9927702.997000001,0.64
2705,382085478.0,0.75
2706,13044881.75,0.63
2707,38879165.72,0.51
2708,-4395249.9969999995,0.6799999999999999
2709,-710237.2683,0.61
2710,77857868.65,0.6799999999999999
2711,20023354.59,0.5599999999999999
2712,220445484.0,0.62
2713,-1653994.7419999999,0.47000000000000003
2714,110550831.0,0.58
2715,-6449246.435,0.47000000000000003
2716,39751974.9,0.71
2717,29522101.93,0.6599999999999999
2718,950584114.1,0.6599999999999999
2719,65433466.11,0.48
2720,-33433565.37,0.51
2721,-82142829.23,0.51
2722,213218746.3,0.62
2723,31649509.88,0.5
2724,-5726710.387,0.55
2725,15736176.09,0.6599999999999999
2726,29078750.49,0.7
2727,-18270490.55,0.64
2728,242579137.7,0.5599999999999999
2729,35935756.76,0.6599999999999999
2730,2520699.438,0.6599999999999999
2731,92890378.34,0.55
2732,21632471.45,0.63
2733,48272317.45,0.54
2734,42672269.53,0.62
2735,57612708.8,0.5900000000000001
2736,81108527.17,0.62
2737,151428393.0,0.61
2738,140012789.8,0.53
2739,223946496.4,0.61
2740,103615037.7,0.6799999999999999
2741,32902992.78,0.6
2742,2413385.674,0.65
2743,75932402.53,0.55
2744,12795914.37,0.6900000000000001
2745,134763922.7,0.71
2746,124039344.0,0.5700000000000001
2747,46100720.27,0.7
2748,220970112.2,0.6799999999999999
2749,19849105.75,0.5700000000000001
2750,211116472.5,0.63
2751,247362315.2,0.8099999999999999
2752,111960666.1,0.63
2753,13824897.32,0.62
2754,-5039482.662,0.5
2755,12358715.62,0.63
2756,29209510.3,0.62
2757,506535688.6,0.5700000000000001
2758,1036791628.0,0.61
2759,70879447.62,0.67
2760,57620029.27,0.55
2761,63785844.28,0.63
2762,20439101.08,0.5599999999999999
2763,-26544588.3,0.53
2764,100305668.4,0.54
2765,-23443008.99,0.58
2766,-212.1034147,1.0
2767,45482728.4,0.65
2768,64247296.46,0.65
2769,57633217.63,0.53
2770,137063950.4,0.62
2771,474427868.8,0.63
2772,120360034.0,0.55
2773,334148409.4,0.67
2774,34815975.11,0.71
2775,86573462.65,0.63
2776,26910.341660000002,0.85
2777,-23519588.37,0.54
2778,169575582.7,0.58
2779,-9199425.213,0.7
2780,285651415.8,0.65
2781,-197354.413,0.6900000000000001
2782,123787619.6,0.6
2783,85015770.7,0.6900000000000001
2784,65377316.48,0.47000000000000003
2785,-4181899.021,0.73
2786,-11579311.48,0.54
2787,-18395138.62,0.5
2788,34729824.29,0.6
2789,12211605.16,0.5700000000000001
2790,124565967.7,0.72
2791,11098800.13,0.55
2792,12282581.66,0.61
2793,128466110.8,0.61
2794,-749734.2196,0.55
2795,234000301.4,0.71
2796,94035.49074,0.62
2797,86996585.52,0.6
2798,1537.1915900000001,0.52
2799,-2168908.12,0.78
2800,6877034.597,0.58
2801,52564980.86,0.58
2802,18293598.01,0.6
2803,22121401.55,0.61
2804,1872019.157,0.67
2805,44143552.09,0.6599999999999999
2806,78234725.18,0.67
2807,-5184479.488,0.5900000000000001
2808,58360065.9,0.65
2809,-12310357.16,0.55
2810,78895535.6,0.41
2811,37421987.07,0.7
2812,224052448.1,0.5900000000000001
2813,-14851445.37,0.58
2814,14007130.89,0.5599999999999999
2815,65198800.2,0.6799999999999999
2816,-11149707.18,0.54
2817,-10481273.32,0.62
2818,134165721.4,0.6599999999999999
2819,-16382821.98,0.58
2820,17021724.35,0.7
2821,86704950.02,0.67
2822,70390229.98,0.75
2823,-2121799.952,0.71
2824,-19952838.37,0.49000000000000005
2825,175535876.2,0.6799999999999999
2826,-6692190.936000001,0.5599999999999999
2827,159208652.1,0.73
2828,10787398.83,0.72
2829,298837451.9,0.5599999999999999
2830,-6511738.932,0.48
2831,67210231.58,0.72
2832,3675364.809,0.64
2833,103652926.0,0.72
2834,-13476305.26,0.6
2835,17865849.06,0.6799999999999999
2836,-1293012.557,0.6
2837,-17347826.66,0.6900000000000001
2838,559436905.8,0.72
2839,194911874.8,0.65
2840,2377790.912,0.6
2841,150536999.3,0.71
2842,219021884.3,0.55
2843,63937440.17,0.5700000000000001
2844,257392823.1,0.6900000000000001
2845,32473021.63,0.7
2846,-3223230.6580000003,0.54
2847,-15576768.72,0.63
2848,123605612.6,0.6599999999999999
2849,22160533.51,0.51
2850,147877112.0,0.5599999999999999
2851,194751107.1,0.64
2852,-30668028.27,0.6599999999999999
2853,171594377.4,0.58
2854,440545222.4,0.6599999999999999
2855,105485536.4,0.6
2856,672224773.1,0.6
2857,-22307162.83,0.5700000000000001
2858,150613972.8,0.65
2859,128918425.8,0.6599999999999999
2860,-4068268.523,0.6
2861,-7670697.666,0.61
2862,435214086.8,0.72
2863,25312004.0,0.6599999999999999
2864,-8748411.861,0.65
2865,65916866.26,0.6
2866,87754226.73,0.5900000000000001
2867,-3232141.2339999997,0.61
2868,52647119.59,0.55
2869,6402617.307,0.55
2870,401715378.8,0.5900000000000001
2871,-37454800.58,0.58
2872,33591399.4,0.61
2873,2368904.895,0.61
2874,26178514.55,0.6
2875,149511246.0,0.6799999999999999
2876,216149146.7,0.72
2877,13197660.54,0.55
2878,40797206.57,0.54
2879,2790730.585,0.53
2880,-123921132.0,0.5700000000000001
2881,50695951.25,0.71
2882,743158792.7,0.64
2883,135024724.6,0.5700000000000001
2884,575684703.9,0.6799999999999999
2885,-7071897.352999999,0.65
2886,38655050.27,0.49000000000000005
2887,234537243.5,0.67
2888,-45998509.2,0.52
2889,-6231843.917,0.62
2890,-10824109.46,0.61
2891,-4753.349157,0.45
2892,-976792.0414,0.6900000000000001
2893,4695824.478,0.6599999999999999
2894,-5646787.905,0.55
2895,55376886.07,0.62
2896,150731563.2,0.54
2897,22311483.75,0.77
2898,-134965.8838,0.65
2899,1421326725.0,0.77
2900,3563047.709,0.6900000000000001
2901,430875.2181,0.58
2902,96245616.17,0.64
2903,117540774.7,0.6900000000000001
2904,855541261.9,0.63
2905,21116885.35,0.6900000000000001
2906,9786378.934,0.54
2907,7909050.225,0.6599999999999999
2908,902344.2122,0.6900000000000001
2909,143025770.6,0.67
2910,-3397337.913,0.55
2911,-397790.7876,0.64
2912,11634201.8,0.5900000000000001
2913,103652407.6,0.58
2914,-19720296.93,0.65
2915,205423283.3,0.72
2916,-4092560.466,0.72
2917,355855301.7,0.8
2918,0.0,0.9
2919,91947928.96,0.6900000000000001
2920,58030404.0,0.5700000000000001
2921,-3277808.514,0.51
2922,-8063313.355,0.44000000000000006
2923,292960.7186,0.54
2924,174538502.6,0.6799999999999999
2925,534837507.0,0.73
2926,57160234.26,0.77
2927,12673469.62,0.7
2928,151230433.7,0.73
2929,8900901.766,0.6900000000000001
2930,775433430.3,0.63
2931,-11855782.18,0.54
2932,-71009899.68,0.19
2933,0.0,0.54
2934,-529439.4787,0.38
2935,107565879.0,0.73
2936,98556244.84,0.62
2937,102835690.2,0.5599999999999999
2938,-7187745.11,0.71
2939,-35975564.66,0.53
2940,-5395801.574,0.71
2941,-3089792.703,0.5700000000000001
2942,-11043848.69,0.53
2943,-21205980.35,0.58
2944,-12213851.96,0.6799999999999999
2945,37337939.94,0.61
2946,4616715.185,0.63
2947,1233981.45,0.71
2948,436415658.3,0.64
2949,100592589.9,0.6
2950,-3899283.957,0.6799999999999999
2951,101518034.1,0.6900000000000001
2952,22405113.23,0.6900000000000001
2953,-2730966.078,0.45999999999999996
2954,25685610.06,0.62
2955,-22085325.14,0.54
2956,-16019172.85,0.51
2957,13561882.28,0.5700000000000001
2958,913173046.0,0.77
2959,160306849.2,0.61
2960,587553081.5,0.65
2961,-4283368.494,0.63
2962,247832461.6,0.5900000000000001
2963,-17041365.83,0.61
2964,134608468.0,0.64
2965,25079053.79,0.6
2966,-19638177.55,0.61
2967,11315625.53,0.63
2968,-8349988.578,0.6
2969,302618922.5,0.6
2970,181679535.7,0.71
2971,173177137.9,0.64
2972,41523587.42,0.63
2973,81713008.27,0.6799999999999999
2974,387151498.6,0.6900000000000001
2975,40890312.05,0.58
2976,-2824631.655,0.5599999999999999
2977,-4060046.9469999997,0.6799999999999999
2978,107202875.5,0.58
2979,-16803424.79,0.5599999999999999
2980,-1638430.685,0.63
2981,-34429710.22,0.5599999999999999
2982,2038357.469,0.55
2983,26150099.06,0.5700000000000001
2984,546159217.9,0.63
2985,142181023.9,0.67
2986,44979933.74,0.73
2987,51556369.35,0.6799999999999999
2988,125096916.3,0.6
2989,298990947.2,0.6900000000000001
2990,27144874.07,0.52
2991,41669977.0,0.62
2992,81324415.5,0.7
2993,78140585.36,0.5900000000000001
2994,175234361.7,0.61
2995,110199579.0,0.47000000000000003
2996,10836103.62,0.58
2997,202323142.0,0.62
2998,3821090.9560000002,0.42000000000000004
2999,30269880.63,0.7
3000,232491591.8,0.62
3001,334916030.0,0.73
3002,75763636.91,0.63
3003,235596639.4,0.71
3004,177115634.2,0.73
3005,-156.3991263,0.9
3006,92178200.97,0.61
3007,402547.2897,0.65
3008,-12190526.62,0.55
3009,304967704.9,0.64
3010,-208225.5297,0.44000000000000006
3011,617980.6037,0.6900000000000001
3012,180011199.5,0.79
3013,-5346009.251,0.65
3014,6894702.73,0.65
3015,75016315.08,0.71
3016,118408904.0,0.5900000000000001
3017,511545912.1,0.6599999999999999
3018,-16168.67061,1.0
3019,15043879.8,0.54
3020,-11298463.3,0.5900000000000001
3021,314750869.3,0.8
3022,82057821.8,0.8
3023,98117572.7,0.63
3024,1790432.351,0.63
3025,37797686.69,0.5700000000000001
3026,78596027.5,0.67
3027,59306913.4,0.7
3028,101368210.6,0.62
3029,-3719357.9889999996,0.61
3030,-2103662.617,0.62
3031,-16167526.95,0.54
3032,-7114215.07,0.65
3033,-73676859.29,0.5599999999999999
3034,227624492.7,0.6799999999999999
3035,-7934133.746,0.51
3036,441943.6634,0.45
3037,59285125.58,0.58
3038,-23415521.6,0.63
3039,117810971.5,0.74
3040,9274.349464,0.53
3041,-2761737.212,0.54
3042,48722567.47,0.63
3043,179114993.8,0.65
3044,2227207.429,0.5599999999999999
3045,-6618472.85,0.67
3046,6095493.965,0.74
3047,2453123.64,0.6900000000000001
3048,12090544.91,0.58
3049,46025623.51,0.74
3050,-7976544.169,0.67
3051,179994252.6,0.5900000000000001
3052,25795939.04,0.61
3053,677661161.0,0.6799999999999999
3054,-3934370.048,0.62
3055,147492270.1,0.6
3056,181548984.5,0.64
3057,-15090759.24,0.62
3058,-12648802.76,0.5599999999999999
3059,105779024.0,0.71
3060,59680435.56,0.64
3061,-10074535.89,0.61
3062,-1832449.336,0.64
3063,-1427821.8869999999,0.48
3064,-4301706.076,0.5700000000000001
3065,2973439.006,0.5
3066,22699625.68,0.65
3067,-10808252.92,0.67
3068,59786204.54,0.72
3069,485252986.9,0.6799999999999999
3070,10972385.41,0.45
3071,43116454.97,0.76
3072,27124676.08,0.62
3073,-25910321.61,0.6
3074,58881119.01,0.6599999999999999
3075,20047698.54,0.71
3076,5289591.37,0.6
3077,98006046.6,0.74
3078,56476398.98,0.5900000000000001
3079,65941541.99,0.61
3080,35972874.36,0.65
3081,76467475.91,0.65
3082,-12554557.74,0.6
3083,124686514.3,0.6599999999999999
3084,114692411.1,0.64
3085,1094554319.0,0.6900000000000001
3086,184474507.1,0.64
3087,265209766.2,0.74
3088,314608427.7,0.5900000000000001
3089,183017183.9,0.58
3090,54109302.37,0.79
3091,2896997.8430000003,0.5700000000000001
3092,370907.148,0.65
3093,23362991.74,0.61
3094,87533102.8,0.7
3095,5273644.749,0.74
3096,-4107260.565,0.5
3097,59902098.34,0.67
3098,-1761881.7119999998,0.6599999999999999
3099,42071146.1,0.64
3100,4693884.727,0.6599999999999999
3101,35157853.71,0.5599999999999999
3102,-3116543.598,0.6599999999999999
3103,53021314.68,0.6900000000000001
3104,26248490.43,0.79
3105,-10921736.51,0.62
3106,-9663918.491,0.5900000000000001
3107,330374056.4,0.75
3108,8548335.192,0.5900000000000001
3109,298975153.5,0.73
3110,-178620790.8,0.6
3111,-107575.5551,0.7
3112,260721191.2,0.55
3113,357721058.2,0.67
3114,35247701.94,0.64
3115,773318899.0,0.74
3116,62132625.73,0.55
3117,122712801.5,0.51
3118,10779102.96,0.49000000000000005
3119,-39126928.19,0.5900000000000001
3120,159068116.6,0.61
3121,188422654.0,0.5900000000000001
3122,261322558.0,0.5700000000000001
3123,4468731.677,0.54
3124,62927112.17,0.47000000000000003
3125,964474013.0,0.6900000000000001
3126,-9069996.868999999,0.61
3127,229222361.5,0.52
3128,56200.143229999994,0.58
3129,183659521.0,0.64
3130,1211808457.0,0.73
3131,133282679.7,0.61
3132,279179123.5,0.61
3133,149791964.9,0.58
3134,86818164.07,0.64
3135,20833009.79,0.62
3136,-2.1558227480000003,0.0
3137,3242530.957,0.55
3138,-14207574.71,0.58
3139,83474.53473,0.6599999999999999
3140,5389556.871,0.55
3141,23644329.85,0.72
3142,65038256.57,0.62
3143,28498885.89,0.45
3144,585909082.9,0.7
3145,-27097590.32,0.5900000000000001
3146,44528869.14,0.65
3147,69656859.69,0.61
3148,104418891.0,0.74
3149,-9249926.697,0.45
3150,313084863.2,0.76
3151,49227307.51,0.58
3152,-15847768.0,0.5900000000000001
3153,146845677.7,0.6900000000000001
3154,22639322.63,0.55
3155,86301454.56,0.53
3156,14932516.63,0.6799999999999999
3157,522735043.3,0.78
3158,91294337.14,0.53
3159,-2667537.74,0.67
3160,152105061.3,0.5700000000000001
3161,48984860.1,0.63
3162,19144747.03,0.61
3163,-2073220.625,0.5900000000000001
3164,136828599.5,0.62
3165,26710242.76,0.63
3166,51185124.52,0.6599999999999999
3167,-5544997.436000001,0.6599999999999999
3168,85413708.32,0.52
3169,4063713.704,0.67
3170,17421580.19,0.67
3171,38718570.35,0.6
3172,172791320.0,0.5700000000000001
3173,37090654.8,0.71
3174,107307030.9,0.6
3175,77064601.04,0.62
3176,29007106.62,0.6900000000000001
3177,117316272.7,0.5900000000000001
3178,327047481.0,0.79
3179,94755897.24,0.63
3180,35766315.06,0.73
3181,48580345.49,0.64
3182,232883782.6,0.8099999999999999
3183,16046302.23,0.6599999999999999
3184,23820137.35,0.53
3185,88563129.53,0.67
3186,512858620.9,0.74
3187,166298556.3,0.63
3188,-17714.83005,0.6599999999999999
3189,90388055.09,0.74
3190,265343142.7,0.62
3191,72999627.22,0.62
3192,-9477976.098,0.63
3193,14115463.19,0.6799999999999999
3194,39778062.72,0.7
3195,-33579120.65,0.62
3196,333379503.3,0.71
3197,-4405420.801,0.4
3198,-15494797.28,0.6
3199,34260763.47,0.58
3200,421299660.2,0.63
3201,-2703899.76,0.6599999999999999
3202,-14236228.67,0.67
3203,10386420.92,0.8400000000000001
3204,-6330019.719,0.5599999999999999
3205,-2452059.813,0.52
3206,-3452593.965,0.41
3207,5.303523756000001,0.0
3208,-5589219.278,0.6799999999999999
3209,-5241692.094,0.73
3210,43664596.3,0.6799999999999999
3211,44337458.6,0.77
3212,-1415699.2959999999,0.5900000000000001
3213,-6348242.626,0.64
3214,-2792664.837,0.65
3215,8081219.927999999,0.7
3216,6846354.881,0.67
3217,-5288876.485,0.63
3218,-1032378.6309999999,0.52
3219,71995168.46,0.74
3220,265757094.4,0.5599999999999999
3221,-641726.3745,0.6900000000000001
3222,256215453.8,0.64
3223,-4760682.643,0.58
3224,14531655.09,0.44000000000000006
3225,-27145963.31,0.63
3226,13443452.63,0.65
3227,65638626.88,0.54
3228,7812551.9,0.48
3229,-6988000.333,0.6799999999999999
3230,145667366.3,0.72
3231,-4921371.988,0.63
3232,15031384.92,0.58
3233,-5281332.752,0.6
3234,-499643.9124,0.73
3235,-4091031.095,0.55
3236,-1050821.104,0.54
3237,2439620.9280000003,0.16
3238,13334319.9,0.6799999999999999
3239,7756283.634,0.6
3240,41245135.13,0.75
3241,32227700.06,0.62
3242,-997334.0066,0.6799999999999999
3243,613659898.8,0.71
3244,573464259.9,0.73
3245,639953543.4,0.79
3246,130136768.1,0.58
3247,373580213.4,0.58
3248,135677322.2,0.6599999999999999
3249,492297522.2,0.77
3250,-4161367.4869999997,0.64
3251,934910574.2,0.58
3252,6528204.977000001,0.52
3253,577836491.3,0.77
3254,-12626311.15,0.6599999999999999
3255,536416882.9,0.64
3256,42798376.01,0.75
3257,252063196.7,0.5599999999999999
3258,137718733.4,0.55
3259,-18553298.06,0.55
3260,10528781.29,0.73
3261,43096874.24,0.58
3262,241395241.4,0.6
3263,22801248.76,0.6599999999999999
3264,156055422.8,0.62
3265,665168192.4,0.6799999999999999
3266,44376952.88,0.71
3267,251718334.9,0.5700000000000001
3268,-11024943.54,0.5900000000000001
3269,49569832.55,0.6
3270,77882401.33,0.6
3271,-166652.106,0.5599999999999999
3272,247773986.5,0.6799999999999999
3273,27738385.47,0.6900000000000001
3274,155985711.2,0.6599999999999999
3275,-8458141.319,0.51
3276,-14103706.67,0.63
3277,45431234.44,0.58
3278,21451942.49,0.65
3279,-3631560.442,0.51
3280,118403944.4,0.77
3281,17365488.26,0.65
3282,-147511.0732,0.62
3283,57237500.17,0.73
3284,-2479862.923,0.71
3285,1130661.135,0.58
3286,183957107.2,0.77
3287,24711953.73,0.58
3288,60321650.6,0.58
3289,43579364.15,0.65
3290,-5085346.621,0.5900000000000001
3291,6873112.938999999,0.64
3292,43080594.42,0.74
3293,18314431.95,0.72
3294,-3055640.7,0.5900000000000001
3295,873824.6449,0.6900000000000001
3296,-1885422.9840000002,0.6799999999999999
3297,111609062.1,0.73
3298,65378304.21,0.74
3299,14244266.71,0.63
3300,68641708.86,0.76
3301,0.0,0.0
3302,-6808712.321,0.73
3303,849155.4165,0.5599999999999999
3304,51142878.58,0.58
3305,178983.0121,0.0
3306,-8498258.347000001,0.67
3307,30738039.69,0.75
3308,26938471.04,0.5900000000000001
3309,-14742602.08,0.61
3310,-7166460.098999999,0.72
3311,265134002.7,0.6599999999999999
3312,-2221311.187,0.0
3313,144686143.0,0.73
3314,17593967.58,0.64
3315,77746673.43,0.62
3316,-103059.8465,0.62
3317,29024611.6,0.61
3318,99005407.71,0.62
3319,-1.0594472129999999,0.9
3320,45094745.53,0.49000000000000005
3321,2536419.393,0.6900000000000001
3322,-7478050.94,0.6599999999999999
3323,-8438821.24,0.64
3324,-12028128.81,0.5900000000000001
3325,37110988.65,0.6799999999999999
3326,25392041.5,0.6799999999999999
3327,112085058.0,0.58
3328,22843423.64,0.64
3329,563975682.0,0.71
3330,64030864.28,0.51
3331,-1785538.3,0.51
3332,64425756.28,0.52
3333,-25005831.68,0.55
3334,50829730.35,0.44000000000000006
3335,20408559.67,0.62
3336,20849732.56,0.65
3337,-554088.7733,0.67
3338,60176474.54,0.65
3339,-12691474.13,0.55
3340,273873666.7,0.6799999999999999
3341,110037326.6,0.6799999999999999
3342,-55353002.09,0.53
3343,-11881951.58,0.47000000000000003
3344,20292993.05,0.62
3345,72144703.27,0.53
3346,4792119.178,0.63
3347,180811850.0,0.6799999999999999
3348,-5289230.88,0.44000000000000006
3349,8462567.689,0.53
3350,302581871.2,0.5900000000000001
3351,412455476.2,0.71
3352,1192305807.0,0.73
3353,166254969.0,0.67
3354,-21791501.68,0.52
3355,-22245996.06,0.5900000000000001
3356,1931609186.0,0.74
3357,51304637.1,0.45
3358,1394496716.0,0.73
3359,1612174817.0,0.6599999999999999
3360,723190505.6,0.79
3361,885435.1269,0.67
3362,73734604.04,0.5
3363,416603204.6,0.67
3364,17671792.46,0.5599999999999999
3365,157881565.5,0.61
3366,1147096300.0,0.63
3367,-2824821.0539999995,0.54
3368,562572962.2,0.55
3369,114116298.0,0.62
3370,-31339974.15,0.54
3371,79470251.02,0.5900000000000001
3372,106117186.6,0.62
3373,196250095.7,0.63
3374,29655079.1,0.6
3375,35115493.34,0.71
3376,169050347.0,0.71
3377,76080443.72,0.6
3378,52356686.19,0.6799999999999999
3379,-22896434.14,0.5900000000000001
3380,-11389036.35,0.53
3381,-10457778.39,0.54
3382,75707217.81,0.62
3383,-13363694.26,0.6599999999999999
3384,920422.6033,0.8
3385,758634896.9,0.76
3386,97600792.14,0.6900000000000001
3387,69080623.07,0.75
3388,117576668.0,0.65
3389,-10547499.44,0.6
3390,9134682.931,0.7
3391,895648767.1,0.75
3392,163620928.6,0.75
3393,6245058.198,0.48
3394,5507405.818,0.65
3395,182560.9734,0.6799999999999999
3396,43573803.91,0.5900000000000001
3397,21613809.53,0.5599999999999999
3398,53793942.62,0.72
3399,150627199.4,0.63
3400,-1396988.864,0.74
3401,5869430.869,0.6
3402,7065294.123,0.74
3403,-820582.2333,0.6
3404,26666079.4,0.5599999999999999
3405,60665011.14,0.72
3406,14333606.52,0.6599999999999999
3407,7702028.497,0.6599999999999999
3408,14399778.61,0.64
3409,-2898766.854,0.52
3410,955543595.9,0.74
3411,26772766.42,0.73
3412,-522871.1334,0.5599999999999999
3413,28885145.59,0.5
3414,914195535.4,0.77
3415,583224739.1,0.7
3416,76068288.68,0.6
3417,27275250.35,0.5900000000000001
3418,4394244.335,0.5700000000000001
3419,77169753.1,0.5700000000000001
3420,837478036.8,0.61
3421,72449442.24,0.6
3422,-89267446.74,0.62
3423,536411683.4,0.74
3424,69348085.03,0.64
3425,116301047.1,0.6900000000000001
3426,174694797.9,0.63
3427,77781800.19,0.61
3428,165800923.7,0.67
3429,-29191289.45,0.64
3430,75231944.71,0.5900000000000001
3431,-2374912.247,0.55
3432,-12332884.06,0.63
3433,382858777.3,0.65
3434,293127492.9,0.72
3435,595943288.2,0.5900000000000001
3436,-17240863.68,0.5900000000000001
3437,196637281.2,0.77
3438,7217329.746,0.48
3439,-6904950.24,0.63
3440,-12467795.73,0.62
3441,317619159.0,0.5900000000000001
3442,115740051.7,0.5900000000000001
3443,570551939.3,0.75
3444,36650143.61,0.6
3445,-2911725.69,0.64
3446,86391919.16,0.58
3447,51931866.93,0.58
3448,88750464.94,0.62
3449,202076808.5,0.6799999999999999
3450,56694505.88,0.58
3451,-12565026.75,0.61
3452,652085137.2,0.58
3453,69305075.84,0.71
3454,-4847101.554,0.71
3455,-26118603.64,0.6599999999999999
3456,46106342.93,0.6
3457,-63304409.81,0.5900000000000001
3458,434649040.7,0.79
3459,10388773.06,0.77
3460,1403913.9840000002,0.53
3461,5243802.424,0.5700000000000001
3462,-1083095.436,0.7
3463,-6213345.355,0.5599999999999999
3464,-6088276.792,0.52
3465,48225066.55,0.55
3466,89085466.43,0.54
3467,1266435.865,0.6900000000000001
3468,1778622.707,0.55
3469,-1250267.138,0.63
3470,171517896.3,0.65
3471,10257053.5,0.72
3472,63870013.93,0.74
3473,848079.7403,0.5700000000000001
3474,8576175.523,0.44000000000000006
3475,57363034.7,0.54
3476,215212082.6,0.8
3477,281916258.6,0.73
3478,15501365.44,0.7
3479,287718.37899999996,0.63
3480,2286053.3030000003,1.0
3481,3243.370818,1.0
3482,9416237.86,0.41
3483,134114282.1,0.63
3484,18984.18177,0.0
3485,-7701125.585,0.58
3486,232125394.1,0.6599999999999999
3487,866891174.9,0.7
3488,-12163343.65,0.58
3489,235073171.4,0.51
3490,72715640.33,0.5599999999999999
3491,186724031.3,0.71
3492,-2730391.966,0.65
3493,0.0,0.6
3494,83735750.17,0.62
3495,1218669.383,0.45
3496,3833904.9439999997,0.53
3497,19553213.03,0.6
3498,24586485.45,0.72
3499,1844120.301,0.6
3500,52556674.61,0.74
3501,-5116255.953,0.48
3502,689281146.5,0.73
3503,33978070.63,0.63
3504,95223241.05,0.61
3505,-10302865.3,0.62
3506,331736906.6,0.62
3507,-78490.40157,0.6900000000000001
3508,-13313537.02,0.51
3509,-17630207.92,0.73
3510,7167187.127,0.64
3511,5042528.102,0.64
3512,0.0,0.48
3513,34157852.05,0.79
3514,43371317.41,0.62
3515,13068166.8,0.73
3516,88100530.35,0.5599999999999999
3517,-102425.0619,0.0
3518,19928754.86,0.67
3519,179775949.7,0.72
3520,18562724.38,0.5599999999999999
3521,382945251.7,0.64
3522,5908894.375,0.55
3523,17310376.36,0.5700000000000001
3524,819539.8172,0.55
3525,-19472080.64,0.49000000000000005
3526,75656980.95,0.71
3527,120716041.2,0.6599999999999999
3528,104081720.7,0.58
3529,-29528976.43,0.65
3530,4506419.984,0.6799999999999999
3531,105065443.0,0.63
3532,89421474.87,0.6
3533,11826136.79,0.5
3534,-9868830.867,0.64
3535,124341217.2,0.6799999999999999
3536,1532919.52,0.7
3537,679968140.9,0.77
3538,690438863.3,0.75
3539,-998058.1268,0.7
3540,532497848.4,0.78
3541,23903857.96,0.5599999999999999
3542,-9989811.335,0.65
3543,214028228.1,0.67
3544,28512004.35,0.65
3545,19737793.88,0.51
3546,390974594.7,0.64
3547,257036338.8,0.75
3548,15387151.01,0.6
3549,37968741.91,0.8300000000000001
3550,127544426.5,0.7
3551,722390465.0,0.74
3552,61074710.24,0.6599999999999999
3553,-25795923.39,0.6799999999999999
3554,1160119602.0,0.7
3555,21430966.22,0.0
3556,-5629240.755,0.75
3557,893421192.4,0.67
3558,43040.18235,0.6
3559,-16319491.26,0.5
3560,-8491940.46,0.53
3561,14871573.38,0.7
3562,143137232.8,0.65
3563,170986564.5,0.53
3564,577972248.4,0.6599999999999999
3565,615929.2473,0.58
3566,111515552.3,0.61
3567,640804345.0,0.82
3568,140534222.8,0.62
3569,161781559.8,0.62
3570,19306013.19,0.53
3571,20304730.02,0.72
3572,59499502.47,0.49000000000000005
3573,-10819595.4,0.64
3574,25760205.79,0.58
3575,-12663400.18,0.6900000000000001
3576,-15578033.1,0.71
3577,188533606.5,0.71
3578,1012915118.0,0.6900000000000001
3579,74705566.93,0.71
3580,681633545.2,0.72
3581,43988079.52,0.75
3582,68491271.04,0.73
3583,2558853.269,0.55
3584,19156.74323,0.0
3585,974794039.5,0.63
3586,34828651.54,0.74
3587,1130474377.0,0.6900000000000001
3588,43580879.89,0.64
3589,-24794675.2,0.7
3590,9530264.627,0.74
3591,14549379.5,0.71
3592,297177636.7,0.65
3593,304089535.2,0.67
3594,-1995928.784,0.74
3595,2602729.3819999998,0.58
3596,7315542.272999999,0.7
3597,134752718.7,0.71
3598,357365128.5,0.8
3599,25668776.91,0.5599999999999999
3600,50509622.0,0.6599999999999999
3601,69336821.0,0.7
3602,5350674.0,0.58
3603,167351275.0,0.61
3604,47100000.0,0.67
3605,43078000.0,0.58
3606,207994561.0,0.7
3607,323677200.0,0.73
3608,79244913.0,0.63
3609,4157615.0,0.6
3610,4545116.0,0.64
3611,68720293.0,0.61
3612,-13940392.0,0.52
3613,-12995463.0,0.5
3614,56282227.0,0.62
3615,26150957.0,0.53
3616,43848932.0,0.8099999999999999
3617,8602624.0,0.62
3618,-4529099.0,0.54
3619,142952373.0,0.6599999999999999
3620,18646544.0,0.7
3621,17525668.0,0.7
3622,-1335000.0,0.65
3623,87944327.0,0.6799999999999999
3624,33686605.0,0.76
3625,1132274.0,0.58
3626,11539709.0,0.74
3627,-732694.0,0.71
3628,-1997769.0,0.5700000000000001
3629,-152681.0,0.6900000000000001
3630,2469151.0,0.65
3631,115765.0,0.74
3632,65265218.0,0.76
3633,6163535.0,0.8300000000000001
3634,12793601.0,0.62
3635,8572691.0,0.71
3636,1202076.0,0.7
3637,14764055.0,0.67
3638,1041891456.0,0.75
3639,296700000.0,0.8300000000000001
3640,-4785475.0,0.62
3641,91341481.0,0.6
3642,-6493122.0,0.67
3643,12807625.0,0.6599999999999999
3644,-33300000.0,0.75
3645,433575295.0,0.64
3646,7142379.0,0.6799999999999999
3647,1133459585.0,0.65
3648,23.0,0.6
3649,1746239637.0,0.8300000000000001
3650,-117276.0,0.6799999999999999
3651,-21900000.0,0.5900000000000001
3652,29675864.0,0.5
3653,157184112.0,0.61
3654,354221154.0,0.72
3655,78988192.0,0.65
3656,31866088.0,0.65
3657,218807090.0,0.6599999999999999
3658,40836683.0,0.67
3659,20176000.0,0.6799999999999999
3660,12867326.0,0.74
3661,31700416.0,0.62
3662,1437425.0,0.79
3663,4017028.0,0.5900000000000001
3664,285450417.0,0.8400000000000001
3665,631547413.0,0.75
3666,301266433.0,0.65
3667,397888866.0,0.75
3668,-5656773.0,0.52
3669,-26739886.0,0.58
3670,12086708.0,0.54
3671,30546153.0,0.71
3672,482674139.0,0.7
3673,-13651111.0,0.6900000000000001
3674,222881603.0,0.7
3675,-15191563.0,0.6
3676,24138899.0,0.74
3677,306245950.0,0.62
3678,-29600000.0,0.54
3679,6266401.0,0.71
3680,313307760.0,0.62
3681,33336181.0,0.52
3682,72674786.0,0.62
3683,1146739107.0,0.74
3684,-1537207.0,0.44000000000000006
3685,-60477354.0,0.6
3686,40084362.0,0.65
3687,-19976847.0,0.61
3688,32131266.0,0.5700000000000001
3689,6639289.0,0.74
3690,-3000000.0,0.63
3691,1817275.0,0.4
3692,343550119.0,0.5599999999999999
3693,330895025.0,0.65
3694,7753365.0,0.54
3695,243688035.0,0.64
3696,124056262.0,0.58
3697,-26219308.0,0.65
3698,80501013.0,0.6900000000000001
3699,33330219.0,0.5900000000000001
