,tconst,averageRating,numVotes
0,tt2183034,5.8,17793
1,tt2140379,6.5,83057
2,tt3079380,7.0,217431
3,tt0096913,6.4,11262
4,tt1068953,6.6,7966
5,tt2170593,7.2,90587
6,tt1972779,6.7,61241
7,tt2358925,5.4,29705
8,tt1371150,6.6,66384
9,tt3181822,4.7,35526
10,tt3216348,5.2,10531
11,tt2199571,6.6,95610
12,tt3125324,6.9,14330
13,tt2980592,6.7,83665
14,tt2355495,6.6,21866
15,tt2910814,6.1,59167
16,tt2872718,7.9,417485
17,tt2626350,6.0,30867
18,tt1029360,4.9,52444
19,tt2637294,5.1,35013
20,tt2918436,5.2,38635
21,tt1798243,7.5,16595
22,tt2994190,6.9,37262
23,tt1969062,7.0,14171
24,tt2581244,5.6,18514
25,tt2182972,5.8,8658
26,tt2582802,8.5,639149
27,tt1596345,7.0,36076
28,tt2649554,6.6,69321
29,tt1216491,6.9,42064
30,tt3099498,5.3,42190
31,tt3385516,6.9,368217
32,tt1355630,6.7,109743
33,tt0029377,5.4,438
34,tt3172532,6.9,27577
35,tt3322940,5.4,129588
36,tt2326554,7.0,27509
37,tt0884732,6.6,67718
38,tt2673854,5.0,77
39,tt2465146,5.8,11824
40,tt2883434,6.6,10851
41,tt3164256,5.5,9788
42,tt3177316,5.7,23277
43,tt2848292,6.4,133466
44,tt2893490,5.6,6715
45,tt2381941,6.6,196908
46,tt0046982,6.5,74
47,tt1772288,7.0,28092
48,tt3450650,4.4,31680
49,tt2561572,6.0,113383
50,tt2361509,7.1,196465
51,tt1878841,4.4,12710
52,tt2978102,5.5,6112
53,tt1051904,6.3,74837
54,tt2387408,5.2,5695
55,tt0052336,5.0,32
56,tt0023906,7.3,43
57,tt0029790,7.4,98
58,tt3065204,7.3,203906
59,tt1292566,6.1,75928
60,tt2361317,6.4,48384
61,tt3606756,7.7,217936
62,tt3606752,6.7,63399
63,tt2908446,6.2,203643
64,tt3410834,5.7,98539
65,tt3095734,5.6,14012
66,tt3315342,8.1,583692
67,tt2268016,5.6,49278
68,tt1850457,6.0,59980
69,tt0086405,6.1,626
70,tt3614530,4.1,6871
71,tt3332064,5.7,56769
72,tt2091256,6.2,22810
73,tt2967224,5.1,45522
74,tt2948356,8.0,394890
75,tt1562904,7.1,51
76,tt3235888,6.8,189602
77,tt0475290,6.3,113984
78,tt2495104,4.3,1827
79,tt2295722,5.8,7134
80,tt1911658,6.7,73903
81,tt3498820,7.8,606788
82,tt1724970,5.3,15956
83,tt3152624,6.2,123683
84,tt0021324,5.2,200
85,tt2638144,5.7,38784
86,tt1666801,6.5,76951
87,tt3369806,6.7,24367
88,tt3460252,7.8,461677
89,tt1727776,6.3,41486
90,tt3397884,7.6,337881
91,tt3018070,5.1,3148
92,tt2446980,6.6,120360
93,tt1618442,6.0,88242
94,tt1981128,5.3,83078
95,tt1972591,6.7,174467
96,tt1355644,7.0,319732
97,tt3623726,5.9,21300
98,tt1398426,7.9,168251
99,tt3713166,5.5,63463
100,tt3521164,7.6,234834
101,tt3416828,5.7,50739
102,tt1189032,5.7,36
103,tt0006568,7.1,28
104,tt3553442,6.6,46950
105,tt3513498,6.7,40029
106,tt2799166,4.6,21921
107,tt3715320,6.6,52257
108,tt2891174,7.1,27352
109,tt0293270,6.8,109
110,tt2752772,5.3,43757
111,tt3896198,7.6,508742
112,tt1211837,7.5,539232
113,tt3501632,7.9,515974
114,tt1825683,7.3,548418
115,tt3442006,6.4,33560
116,tt3316960,7.5,119288
117,tt2039393,6.0,61089
118,tt3488710,7.3,111837
119,tt0462322,7.5,172203
120,tt0044177,6.0,235
121,tt2933544,6.2,8242
122,tt3622592,6.3,89542
123,tt3850590,6.1,56563
124,tt0448115,7.1,188450
125,tt2226597,6.4,59469
126,tt2401097,5.6,17536
127,tt2401878,7.3,59597
128,tt2386502,4.5,159
129,tt1860213,5.9,104526
130,tt4030600,4.3,18764
131,tt0038045,6.2,177
132,tt3731562,6.6,247222
133,tt2006295,6.9,32985
134,tt1431045,8.0,843574
135,tt1655441,7.2,142661
136,tt3203606,7.5,70113
137,tt4046784,6.3,205852
138,tt3874544,6.3,97514
139,tt2937696,6.9,48729
140,tt4009460,1.4,14415
141,tt2503944,6.6,98465
142,tt2674426,7.4,182874
143,tt1524930,6.1,89557
144,tt3530002,6.4,59653
145,tt1386697,6.0,552293
146,tt0451279,7.4,505290
147,tt1490785,5.7,5844
148,tt3348730,5.8,60403
149,tt3567288,6.2,104959
150,tt0122194,5.6,302
151,tt2309260,4.2,18150
152,tt4154796,8.5,591956
153,tt4154756,8.5,720719
154,tt4154664,7.0,369304
155,tt3135556,5.2,2296
156,tt2304933,5.2,92704
157,tt2025690,6.7,57190
158,tt4154916,5.5,23128
159,tt1230168,6.6,4860
160,tt3859076,6.8,17368
161,tt1389072,5.7,82233
162,tt1979376,8.0,123093
163,tt2796678,4.5,850
164,tt3289728,6.1,24929
165,tt0133117,6.5,108
166,tt1489889,6.3,144219
167,tt2140479,7.3,239316
168,tt2241351,6.5,88491
169,tt1172049,7.0,80550
170,tt3862750,5.6,9200
171,tt1986850,6.2,42
172,tt3717490,5.9,95578
173,tt1658801,6.6,10810
174,tt1798684,7.4,204022
175,tt3824458,7.1,23863
176,tt3859304,6.0,9251
177,tt3949660,6.0,78887
178,tt3850214,7.2,77543
179,tt4270516,6.7,13906
180,tt0032132,6.1,41
181,tt4276820,7.2,102986
182,tt4258698,6.4,7440
183,tt3076658,7.6,230715
184,tt4302938,7.8,108602
185,tt3783958,8.0,451658
186,tt4062536,7.0,94622
187,tt2250912,7.4,458324
188,tt2823054,6.0,76959
189,tt1485796,7.6,207733
190,tt1124037,6.9,46489
191,tt4334266,5.3,22201
192,tt4341582,7.4,13503
193,tt1596363,7.8,320286
194,tt1002563,5.6,2932
195,tt6565702,5.8,106398
196,tt3766394,6.6,17755
197,tt3882082,6.0,71089
198,tt2771200,7.2,247346
199,tt3832914,6.4,12050
200,tt2869728,5.9,49924
201,tt2702724,5.4,40179
202,tt2072233,5.6,26699
203,tt4425200,7.5,318877
204,tt3469046,6.3,98305
205,tt4633694,8.4,271306
206,tt4438848,5.7,105811
207,tt3714720,6.5,10484
208,tt3628584,5.9,13534
209,tt2709768,6.5,169639
210,tt3531824,6.5,105816
211,tt3387542,4.8,37260
212,tt1608290,4.7,61040
213,tt2543164,7.9,534643
214,tt3748528,7.8,492690
215,tt3797868,6.6,31363
216,tt2062700,5.7,16245
217,tt3268668,5.4,6119
218,tt2387499,5.9,52976
219,tt4624424,6.8,51739
220,tt1517451,7.7,281641
221,tt1620935,6.8,22634
222,tt2279339,5.8,18301
223,tt1179933,7.2,267801
224,tt1366338,5.7,2008
225,tt2091935,6.3,43488
226,tt2436682,5.8,8776
227,tt2404435,6.9,172326
228,tt4183692,6.5,6186
229,tt1800302,6.7,51927
230,tt3553976,7.9,166006
231,tt4034228,7.8,221188
232,tt3830222,7.0,18
233,tt3486626,5.4,5081
234,tt3231054,6.3,23217
235,tt1389139,5.1,5026
236,tt4361050,6.1,48858
237,tt3470600,7.1,120466
238,tt3276924,6.1,25342
239,tt4129870,5.7,8078
240,tt1135989,6.0,3146
241,tt4500922,6.2,96502
242,tt4501454,6.3,11006
243,tt4477536,4.5,46509
244,tt4630562,6.7,187531
245,tt2582782,7.6,182451
246,tt1798603,5.6,20516
247,tt1560220,7.2,19870
248,tt1801552,4.8,11475
249,tt4513674,6.6,64522
250,tt4196450,6.4,18810
251,tt1469304,5.5,144704
252,tt4669186,5.9,8370
253,tt4257926,7.1,18406
254,tt4287320,5.3,75223
255,tt4649416,6.1,5329
256,tt4468634,6.3,10633
257,tt4550098,7.5,212979
258,tt4465564,4.6,84134
259,tt4139124,6.3,42700
260,tt4385888,7.3,33867
261,tt4337690,4.8,3167
262,tt3766354,6.7,107917
263,tt4786282,6.3,104440
264,tt4682786,6.8,81394
265,tt3401882,5.6,36374
266,tt2872518,6.3,26988
267,tt1396484,7.3,404225
268,tt3717252,5.8,64558
269,tt3631112,6.5,155753
270,tt4034354,7.0,95094
271,tt2776878,6.5,10592
272,tt4573516,5.9,7288
273,tt3778644,6.9,240572
274,tt1655603,6.7,32
275,tt3289724,6.1,13205
276,tt4881806,6.2,232095
277,tt4667094,3.5,17813
278,tt2568862,6.6,68819
279,tt2283362,6.9,256180
280,tt1412528,5.8,23691
281,tt4765284,5.8,48079
282,tt1966359,5.5,15217
283,tt2380307,8.4,302428
284,tt4501244,6.2,92122
285,tt1801113,4.1,156
286,tt1950186,7.4,1102
287,tt4061010,5.3,8097
288,tt3593046,6.0,3431
289,tt2709692,6.3,33497
290,tt1034415,6.8,45788
291,tt5095030,7.1,264816
292,tt3263904,7.4,210948
293,tt2460506,6.5,56
294,tt3411444,6.7,42247
295,tt3922818,6.4,43084
296,tt4622512,6.7,45129
297,tt4981636,6.1,6769
298,tt1213641,7.3,137574
299,tt1285009,5.2,23333
300,tt3521126,7.4,117508
301,tt2334871,4.5,30904
302,tt4532826,5.3,51752
303,tt4429194,5.8,6758
304,tt3776826,6.1,6141
305,tt4651520,6.2,104451
306,tt1878870,7.3,91435
307,tt4975722,7.4,237473
308,tt4520364,5.8,36556
309,tt4191580,4.9,35014
310,tt4877122,3.2,50396
311,tt5325452,4.6,7123
312,tt5109784,6.6,167029
313,tt4846340,7.8,177255
314,tt4972582,7.3,378729
315,tt5117670,6.5,29558
316,tt4853102,6.4,44762
317,tt4572792,6.6,21046
318,tt5463162,7.7,422070
319,tt6806448,6.6,97880
320,tt5478478,7.2,57455
321,tt1711525,5.8,60921
322,tt5580036,7.5,150568
323,tt4925292,7.4,188089
324,tt3402236,6.5,185346
325,tt5301662,7.2,15627
326,tt5649144,7.6,76329
327,tt5362988,7.7,177759
328,tt1137450,6.4,54168
329,tt3829920,7.7,48787
330,tt5442430,6.6,188431
331,tt3881784,6.9,35454
332,tt5140878,6.5,99268
333,tt4799050,5.2,41557
334,tt1691916,6.4,40841
335,tt5721088,4.4,5153
336,tt5726616,7.9,165086
337,tt5592248,6.3,45336
338,tt5580390,7.3,324977
339,tt5439796,7.0,110527
340,tt5104604,7.9,116519
341,tt4244998,6.7,46162
342,tt0437086,7.4,168414
343,tt5619332,5.6,27840
344,tt5220122,6.3,46399
345,tt5052474,7.1,104342
346,tt5776858,7.5,90863
347,tt5028340,6.8,62562
348,tt4481414,7.6,86711
349,tt2603600,2.1,213
350,tt4218572,6.9,71825
351,tt2873282,6.6,144983
352,tt0005393,5.5,23
353,tt1666185,5.8,19179
354,tt5848272,7.1,104361
355,tt0026176,5.4,56
356,tt5726086,5.7,45331
357,tt5390504,7.3,42276
358,tt1620680,4.2,36708
359,tt5855378,8.3,11
360,tt5113040,6.5,28850
361,tt5142216,5.5,25
362,tt3458760,5.6,1705
363,tt6000478,6.4,25067
364,tt1961175,6.2,60709
365,tt4616250,3.1,1313
366,tt1785635,4.8,10924
367,tt5462602,7.6,108068
368,tt4103724,6.7,11726
369,tt0493405,6.0,38506
370,tt5001718,6.4,28668
371,tt6003368,4.4,5939
372,tt0448694,6.6,135759
373,tt3564472,6.2,30776
374,tt3462710,5.1,12041
375,tt5052448,7.7,426593
376,tt4777008,7.0,17349
377,tt4575576,7.3,58307
378,tt6139732,7.1,152571
379,tt6105098,7.0,125835
380,tt4700756,5.1,351
381,tt1502407,6.6,99963
382,tt4701182,6.8,109499
383,tt5691024,3.6,3645
384,tt6017942,5.8,10824
385,tt4526922,8.8,43
386,tt5816374,6.6,4727
387,tt5523010,5.5,22289
388,tt1255919,3.8,23176
389,tt2231461,6.1,123179
390,tt5719700,5.8,24196
391,tt6265828,6.8,49175
392,tt5825380,6.2,21132
393,tt6266538,7.2,90786
394,tt1413492,6.6,53810
395,tt5968394,6.0,39921
396,tt6320628,7.6,223817
397,tt5360952,5.1,16425
398,tt3062374,8.1,84
399,tt6359956,5.5,34617
400,tt6322922,6.4,7066
401,tt5734576,5.2,14528
402,tt2531344,6.2,60686
403,tt5613484,7.4,31417
404,tt4537896,6.4,19547
405,tt5690360,3.2,22078
406,tt5814060,5.3,100754
407,tt5308322,6.5,96720
408,tt1987680,6.8,33361
409,tt6421110,4.9,7223
410,tt6133466,5.1,45236
411,tt6574272,5.2,4952
412,tt2704998,6.9,173012
413,tt4073790,5.7,24153
414,tt6628394,7.1,104523
415,tt6294822,7.2,113112
416,tt5294550,6.8,63400
417,tt5758778,5.8,88267
418,tt6644200,7.5,330349
419,tt5208950,5.0,3738
420,tt5164432,7.6,86174
421,tt1259528,7.0,74762
422,tt6823368,6.7,165016
423,tt6802308,5.2,23646
424,tt6495770,5.1,7861
425,tt6781982,5.6,27608
426,tt1563742,5.9,28425
427,tt3104988,6.9,111067
428,tt2854926,6.5,93817
429,tt6143568,5.2,7886
430,tt2328900,6.3,29128
431,tt6146586,7.6,187530
432,tt6857112,6.9,156868
433,tt6053438,7.1,37096
434,tt6217804,3.7,3627
435,tt2139881,6.9,52592
436,tt6772950,5.1,36886
437,tt6998518,6.6,49378
438,tt6063050,5.8,6799
439,tt7026672,6.4,14957
440,tt7125860,7.2,30727
441,tt7153766,6.4,34363
442,tt1564915,6.8,12
443,tt0004545,3.0,20
444,tt3361792,6.8,17272
445,tt5580266,7.4,22140
446,tt7158430,6.9,7544
447,tt7167630,6.7,11346
448,tt5670152,6.0,17130
449,tt7334528,5.7,10581
450,tt7424200,6.8,13974
451,tt7286456,8.8,406144
452,tt7388562,6.6,6054
453,tt2283336,5.6,71111
454,tt4913966,5.4,25608
455,tt6343314,7.2,84669
456,tt4463894,6.4,31284
457,tt7634968,5.1,13962
458,tt7349662,7.5,167148
459,tt7014006,7.4,48910
460,tt6443294,6.6,2004
461,tt6212478,7.0,31821
462,tt7668870,7.7,112205
463,tt6966692,8.2,254782
464,tt7401588,7.3,57282
465,tt4717208,3.8,318
466,tt5208252,6.5,23683
467,tt7784604,7.3,178365
468,tt5701718,5.5,2008
469,tt0044206,7.6,70
470,tt7137846,5.4,11098
471,tt7547410,6.1,6240
472,tt7690670,5.1,5208
473,tt7958736,5.6,22125
474,tt6857166,6.1,20919
475,tt7616710,6.1,10
476,tt2126357,5.8,16528
477,tt4761916,5.9,16191
478,tt1489887,7.3,43494
479,tt8155288,6.2,39274
480,tt7734218,6.2,19489
481,tt5124206,8.5,46
482,tt1773753,5.1,5050
483,tt2627434,5.5,64
484,tt7343762,6.8,18138
485,tt5886046,6.3,58340
486,tt1478839,7.4,5038
487,tt1206885,6.7,23320
488,tt6107548,6.5,11679
489,tt8085790,5.4,6685
490,tt8772262,7.3,70993
491,tt7752126,6.2,50881
492,tt4126476,5.4,20096
493,tt5747714,7.3,76
494,tt3956336,5.0,251
495,tt1691917,5.7,40433
496,tt1922685,5.8,12956
497,tt0790636,8.0,409875
498,tt1951181,6.6,27455
499,tt1798709,8.0,485411
500,tt1322269,7.2,80492
501,tt2017038,6.9,72271
502,tt1600196,7.1,134682
503,tt2059171,6.3,30198
504,tt0455944,7.2,309488
505,tt1714206,7.1,136433
506,tt0837563,5.8,60484
507,tt1524575,5.0,15158
508,tt2388715,6.5,109183
509,tt2382396,6.9,43467
510,tt1911644,6.7,105585
511,tt1964418,6.4,163813
512,tt2396566,7.4,11503
513,tt2510894,6.7,96113
514,tt2334873,7.3,182207
515,tt0114296,6.4,1654
516,tt2387433,6.3,66535
517,tt2084989,6.7,29050
518,tt2281587,6.4,29499
519,tt1712261,6.3,61554
520,tt2034139,4.0,15301
521,tt1392214,8.1,541768
522,tt2364841,5.6,58751
523,tt2387559,6.4,71822
524,tt2473510,4.6,22971
525,tt2083355,6.7,14132
526,tt1727388,7.4,134152
527,tt2243629,7.9,58
528,tt2096673,8.2,554201
529,tt1951265,6.6,386684
530,tt1327773,7.2,103736
531,tt1939659,5.9,127410
532,tt1980209,6.4,190628
533,tt0882977,6.4,79245
534,tt0369610,7.0,549165
535,tt1272878,6.7,184770
536,tt1893256,6.2,62412
537,tt2404463,6.6,155505
538,tt1679335,6.5,64777
539,tt2011159,5.6,16461
540,tt1204975,6.6,122865
541,tt2398241,6.0,16250
542,tt1885300,6.4,8858
543,tt1457767,7.5,410265
544,tt2243537,5.0,41101
545,tt1925431,5.6,23943
546,tt1781784,7.5,667
547,tt0028755,4.2,137
548,tt2488496,7.9,798362
549,tt0974015,6.4,344094
550,tt0018618,6.0,887
551,tt1742334,5.7,56340
552,tt1814621,5.7,32147
553,tt0119707,3.7,43691
554,tt0132347,6.1,59506
555,tt0139414,5.7,51586
556,tt0450340,6.5,28382
557,tt0120741,5.6,14012
558,tt0120794,7.1,110324
559,tt0462519,5.9,28225
560,tt0120777,6.4,19489
561,tt0120764,5.0,12217
562,tt0105112,6.9,95774
563,tt0800039,7.1,251117
564,tt0089114,6.6,18315
565,tt0090859,5.8,62700
566,tt0117765,4.5,40633
567,tt0247638,6.3,118740
568,tt0133952,6.4,65451
569,tt0233469,5.5,69360
570,tt0256380,5.9,122187
571,tt0327162,5.3,57331
572,tt0115798,6.1,143841
573,tt0483726,6.2,30756
574,tt0395251,6.3,39024
575,tt0462338,6.7,15669
576,tt0429589,5.8,35138
577,tt0112792,6.5,45473
578,tt0417217,6.3,41516
579,tt0370032,4.4,77216
580,tt0119925,6.1,65360
581,tt0358082,6.3,124730
582,tt0090966,6.2,14701
583,tt0097815,7.2,57972
584,tt0107798,6.6,71230
585,tt0146675,5.8,101565
586,tt0462504,7.3,96379
587,tt0475944,5.3,44925
588,tt0349467,5.1,14911
589,tt0477071,5.9,70188
590,tt0425430,5.4,36962
591,tt0790604,4.9,20776
592,tt0097770,6.4,35785
593,tt0091499,5.5,28198
594,tt0384642,5.6,34360
595,tt0371606,5.7,80288
596,tt0486551,6.3,61688
597,tt0091149,7.2,41303
598,tt0120053,6.2,59082
599,tt0091738,6.3,30784
600,tt0091187,6.9,36948
601,tt0228333,4.9,48875
602,tt0092240,6.0,13496
603,tt0093493,5.9,27229
604,tt0101414,8.0,397441
605,tt0093936,6.5,27461
606,tt0092925,6.0,29912
607,tt0397078,5.4,51430
608,tt0322589,5.3,41493
609,tt0124198,6.4,43397
610,tt0382992,5.1,50046
611,tt0455857,5.1,40846
612,tt0227538,5.4,101702
613,tt0108333,6.4,47492
614,tt0116225,5.7,65499
615,tt0384806,6.0,100701
616,tt0397065,5.3,109749
617,tt0393735,4.4,17403
618,tt0091635,6.0,35098
619,tt0441796,5.1,28949
620,tt0426459,6.3,28490
621,tt0093629,6.6,65061
622,tt0093640,7.1,32714
623,tt0499554,5.9,25697
624,tt0384286,5.8,25218
625,tt0433442,4.7,11242
626,tt0337563,6.1,153437
627,tt0012349,8.3,101224
628,tt0092965,7.8,107688
629,tt0065421,7.1,85202
630,tt0094612,5.4,9400
631,tt0091059,6.9,41203
632,tt0094894,6.7,22769
633,tt0094919,5.5,12957
634,tt0094631,6.3,13444
635,tt0095742,5.7,46407
636,tt0097138,5.1,27462
637,tt0098206,6.6,56975
638,tt0091129,6.0,48019
639,tt1228705,7.0,675427
640,tt1013753,7.5,157729
641,tt0980970,6.3,132318
642,tt0097757,7.6,219199
643,tt0356618,5.8,62308
644,tt0329028,3.4,35436
645,tt0120184,6.1,94979
646,tt0082517,6.9,43425
647,tt0327850,6.7,97001
648,tt0097981,5.1,37868
649,tt0100114,6.0,18408
650,tt0102370,6.4,8342
651,tt0046816,7.7,23072
652,tt0805570,6.1,56611
653,tt1031969,6.2,35660
654,tt1027862,6.1,17041
655,tt1018785,6.2,25849
656,tt0910936,7.0,299346
657,tt0892769,8.1,624055
658,tt0892791,6.3,171482
659,tt0435761,8.3,705303
660,tt0800369,7.0,700693
661,tt0938283,4.1,139739
662,tt0780521,7.1,113001
663,tt1068680,6.8,315409
664,tt0960731,6.0,83737
665,tt0103893,5.6,37678
666,tt0139462,6.2,33895
667,tt0158811,6.3,17108
668,tt0120841,4.4,26056
669,tt0117802,7.2,71988
670,tt0128442,7.3,135604
671,tt0097659,6.4,45810
672,tt0120324,7.5,59336
673,tt0091080,6.0,34726
674,tt0281358,7.4,190722
675,tt0102803,6.4,49346
676,tt0401815,5.1,9332
677,tt0103241,7.0,58792
678,tt0162677,6.7,34477
679,tt0095179,5.3,29382
680,tt0097388,4.6,30566
681,tt0107254,4.3,25918
682,tt0452702,6.2,90637
683,tt0089370,6.1,47440
684,tt0095889,4.7,15885
685,tt0145531,6.2,61592
686,tt0129290,6.8,97418
687,tt0432283,7.8,180805
688,tt1124035,7.1,208933
689,tt1018765,6.1,19379
690,tt0377109,5.4,87459
691,tt0082186,6.9,38315
692,tt0333780,4.8,57969
693,tt0112715,5.2,39864
694,tt0322330,6.1,117212
695,tt0063350,7.9,107773
696,tt0102713,6.7,14919
697,tt0120177,5.3,61038
698,tt0101516,6.8,24246
699,tt0049513,7.3,15877
700,tt0133046,5.3,19043
701,tt0097637,6.0,29944
702,tt0106664,6.0,14807
703,tt0120524,5.8,18369
704,tt0120461,5.5,68634
705,tt1007028,6.5,167522
706,tt0065528,7.2,20653
707,tt0176269,4.2,26832
708,tt0119142,5.8,9528
709,tt0160184,5.3,22746
710,tt0104952,7.6,98526
711,tt0160484,4.8,10117
712,tt0129167,8.0,160588
713,tt0165854,7.0,27942
714,tt0191397,6.6,55309
715,tt0111742,6.2,49894
716,tt0174856,7.6,87330
717,tt0205000,5.7,67546
718,tt0105151,7.5,50456
719,tt0104868,6.5,54041
720,tt0106770,7.0,25789
721,tt0104549,6.3,14359
722,tt0293815,5.8,24195
723,tt0105226,7.0,18811
724,tt0113243,6.2,62437
725,tt0499556,6.2,81965
726,tt0106226,7.2,45393
727,tt0104940,7.7,43299
728,tt0107120,6.8,85785
729,tt0107507,7.4,35209
730,tt0108174,6.4,31579
731,tt0110678,6.1,17755
732,tt0110944,6.4,4425
733,tt0208988,5.2,31179
734,tt0091541,6.4,46950
735,tt0195945,6.1,34427
736,tt0410097,7.3,37141
737,tt0117918,6.3,43671
738,tt0160797,6.4,42410
739,tt0211181,4.9,32543
740,tt0085382,6.1,35835
741,tt0157503,6.6,30900
742,tt0138749,6.9,77161
743,tt0066769,7.2,30984
744,tt0074860,7.5,53906
745,tt0496328,5.5,2736
746,tt0901476,5.5,95893
747,tt1175491,6.3,44814
748,tt0479952,6.6,189260
749,tt0114148,6.7,156651
750,tt0114345,5.3,13725
751,tt0118158,6.6,20196
752,tt0101761,7.2,79178
753,tt0105104,5.9,42711
754,tt0116683,6.7,56900
755,tt0116583,6.9,130838
756,tt0115986,4.7,18290
757,tt0307453,6.0,157474
758,tt0186151,7.3,95972
759,tt0210616,6.7,17759
760,tt0164212,6.5,21095
761,tt0198021,6.8,30593
762,tt0130623,6.5,48916
763,tt0204175,5.4,15347
764,tt0086154,6.5,21828
765,tt0219653,4.8,30785
766,tt0312528,3.9,47519
767,tt0367479,6.3,42811
768,tt0119190,5.4,66714
769,tt0057831,7.7,19096
770,tt0303714,6.3,28182
771,tt0306685,5.8,39624
772,tt0377092,7.0,308596
773,tt0083169,6.8,15699
774,tt0269347,6.1,41391
775,tt0061811,8.0,61835
776,tt0113118,7.3,92568
777,tt0210945,7.8,186981
778,tt0096332,7.3,31820
779,tt0246989,5.4,16924
780,tt0223897,7.2,108340
781,tt0074483,6.8,38677
782,tt0086383,6.6,37889
783,tt0091225,4.7,40515
784,tt0120484,6.1,140350
785,tt0482606,6.2,112105
786,tt0068473,7.7,92988
787,tt0065377,6.6,16223
788,tt0094291,7.4,136261
789,tt0120762,7.6,229644
790,tt0085636,4.9,39841
791,tt0338096,6.0,25517
792,tt0305669,5.6,33616
793,tt0910970,8.4,928857
794,tt0147612,7.7,63380
795,tt0115956,6.6,47568
796,tt0171359,5.9,8820
797,tt0250224,6.5,23158
798,tt0046183,7.3,115683
799,tt0109402,5.9,16427
800,tt0118589,2.2,20942
801,tt0367089,7.3,70557
802,tt0317303,5.5,59918
803,tt0297884,7.3,41834
804,tt0319343,6.9,194432
805,tt0115783,5.8,33504
806,tt0083943,5.9,23730
807,tt0083336,6.3,8362
808,tt0100449,6.8,18158
809,tt0074751,5.9,27959
810,tt0109446,6.7,55784
811,tt0318974,6.0,18821
812,tt0079116,7.6,107136
813,tt0286788,5.8,55967
814,tt0075029,7.9,61220
815,tt0338094,5.0,39175
816,tt0473308,7.0,42125
817,tt0815244,6.2,44197
818,tt0364751,5.9,42390
819,tt0077394,6.3,27285
820,tt0290095,5.4,74532
821,tt0074958,8.1,134595
822,tt0091419,7.0,60108
823,tt0093693,6.9,48777
824,tt0420294,5.8,65135
825,tt0267804,5.9,86134
826,tt0086361,4.6,13535
827,tt0240462,4.7,39655
828,tt0087050,5.7,44122
829,tt0117008,6.9,115067
830,tt0088680,7.7,51506
831,tt0089853,7.7,43873
832,tt0113987,7.1,27355
833,tt0117011,5.5,18968
834,tt0186894,5.7,19354
835,tt0230011,6.9,94781
836,tt0206314,6.6,61099
837,tt0119210,6.4,11665
838,tt0110955,6.9,22191
839,tt0239948,5.9,37223
840,tt0110093,5.3,10959
841,tt0053285,7.2,125533
842,tt0083131,6.9,60350
843,tt0303361,6.6,31429
844,tt0032910,7.4,119709
845,tt0409345,6.3,16293
846,tt0105128,4.9,17998
847,tt0029843,7.9,44606
848,tt0107302,6.7,48430
849,tt0089907,7.3,50598
850,tt0092618,7.3,17590
851,tt0082406,7.3,78762
852,tt0277027,7.6,137418
853,tt0102526,6.7,29293
854,tt0245686,5.9,48440
855,tt0088814,6.4,28106
856,tt0261983,6.4,50407
857,tt0443536,6.4,53544
858,tt0242998,4.8,23732
859,tt0113253,4.9,28710
860,tt0239395,5.1,53635
861,tt0243585,5.4,46747
862,tt0093010,6.9,69303
863,tt0088944,6.7,136763
864,tt0115685,7.1,74463
865,tt0120888,6.8,126988
866,tt0076729,7.0,41803
867,tt0349205,5.8,88435
868,tt0076666,6.8,65536
869,tt0274812,7.0,78382
870,tt0112508,6.4,123289
871,tt0090350,6.9,12978
872,tt0328538,6.8,76617
873,tt0204313,5.1,32079
874,tt0088258,7.9,122219
875,tt0080661,7.1,31620
876,tt0071577,6.4,22313
877,tt0332280,7.8,485069
878,tt0092105,6.2,6133
879,tt0065988,7.6,31026
880,tt0095497,7.6,47468
881,tt0095270,6.9,18783
882,tt0103859,5.5,24114
883,tt0071230,7.7,118038
884,tt0364045,6.2,76189
885,tt0056264,7.3,13887
886,tt0268995,6.9,50275
887,tt0104389,6.6,35427
888,tt0255798,4.8,54469
889,tt0200027,6.5,25630
890,tt0100404,6.9,35119
891,tt0315983,7.5,62551
892,tt0382077,6.0,78817
893,tt0058385,7.8,81069
894,tt0071455,5.9,12794
895,tt0349710,6.5,53170
896,tt0368933,5.8,69119
897,tt0091778,5.7,23328
898,tt0100477,6.9,34921
899,tt0963794,5.8,66910
900,tt0085995,7.4,88628
901,tt0104437,4.8,38425
902,tt0758794,7.1,54487
903,tt0758766,6.5,92721
904,tt0098282,6.9,44786
905,tt0066206,7.9,89269
906,tt0062467,7.8,25709
907,tt0324554,7.0,50826
908,tt0053580,6.9,13421
909,tt0331953,5.7,27139
910,tt0048750,7.1,31018
911,tt0086955,3.8,5233
912,tt0042332,7.3,134792
913,tt0116040,5.9,62480
914,tt0110657,4.4,23584
915,tt0366174,4.6,26898
916,tt0155975,4.6,43697
917,tt0104231,6.6,55723
918,tt0765476,5.0,36570
919,tt0366551,7.1,174098
920,tt0094890,5.4,14571
921,tt0082136,6.3,31064
922,tt0104694,7.2,85927
923,tt0070510,8.1,38805
924,tt0086969,7.3,20084
925,tt0082533,6.6,28735
926,tt0066808,7.0,32190
927,tt0116259,6.2,16224
928,tt0084917,7.2,23794
929,tt0076618,6.9,53587
930,tt0814314,7.6,272598
931,tt1152836,7.0,264979
932,tt1130080,6.4,60834
933,tt1130884,8.1,1033466
934,tt0313542,7.1,86634
935,tt0085407,7.2,56017
936,tt0081554,7.3,19826
937,tt0089346,6.5,10176
938,tt0098622,6.2,13982
939,tt0055824,7.7,24340
940,tt0096794,6.4,26441
941,tt0131325,6.4,63392
942,tt0151738,6.0,78712
943,tt0063374,7.7,29639
944,tt0095271,5.9,40467
945,tt0351977,6.3,67024
946,tt0033563,7.2,110905
947,tt0097474,5.2,31951
948,tt0245844,7.8,122144
949,tt0086979,7.6,81172
950,tt0329717,5.3,34622
951,tt0185371,5.6,51227
952,tt0166110,4.1,6300
953,tt0087781,7.5,40649
954,tt0111070,6.4,86604
955,tt0277371,5.7,92174
956,tt0402399,6.7,79373
957,tt0116908,6.8,68470
958,tt0120434,6.0,41157
959,tt0045793,7.6,40090
960,tt0105428,5.3,18859
961,tt0220506,4.0,34997
962,tt0114906,7.4,30337
963,tt0113819,7.0,36203
964,tt0400497,4.8,42805
965,tt0283111,6.4,99498
966,tt0367652,4.7,46534
967,tt0091474,7.2,60693
968,tt0249478,5.6,23528
969,tt0405325,6.2,73586
970,tt0421239,6.4,106993
971,tt0034248,7.4,29663
972,tt0235737,7.1,28774
973,tt0265087,4.9,36023
974,tt0211443,4.4,47566
975,tt0080120,7.6,87383
976,tt0087262,6.1,27551
977,tt0870111,7.7,97996
978,tt0096071,6.5,20714
979,tt0103003,4.5,8871
980,tt0086984,6.8,26079
981,tt0116756,3.0,22096
982,tt0113845,5.7,37011
983,tt0078723,5.8,29671
984,tt0256415,6.2,96967
985,tt0055184,7.3,16017
986,tt0080360,6.9,29958
987,tt0116778,6.9,72789
988,tt0275847,7.2,154396
989,tt0128445,7.7,159573
990,tt0303816,5.6,70967
991,tt0122718,6.2,87536
992,tt0075223,6.9,16679
993,tt0257756,6.4,36470
994,tt0070707,7.2,38106
995,tt0097123,7.9,51277
996,tt0118747,4.9,30149
997,tt0059243,7.2,15041
998,tt0070518,7.3,16742
999,tt0076009,3.8,20250
1000,tt0111127,6.7,25262
1001,tt0099044,5.9,36101
1002,tt0937237,6.1,9819
1003,tt0164181,7.0,70676
1004,tt0097179,5.3,9346
1005,tt0171363,5.0,67949
1006,tt0424095,6.6,105007
1007,tt0043949,7.2,12520
1008,tt0124298,6.6,56432
1009,tt0068555,6.8,36255
1010,tt0302886,7.1,206182
1011,tt0368578,4.7,27433
1012,tt0372237,5.9,38527
1013,tt0082085,7.4,38886
1014,tt0417001,5.9,29458
1015,tt0093507,5.4,34558
1016,tt0974554,6.7,21290
1017,tt0120694,5.7,62442
1018,tt0329774,4.4,64656
1019,tt0073312,7.7,33458
1020,tt0056217,8.1,63824
1021,tt1095217,6.6,71639
1022,tt0120008,6.2,25913
1023,tt0084649,7.6,33919
1024,tt0138524,6.2,86456
1025,tt0089175,7.1,55213
1026,tt0482603,4.5,10251
1027,tt0120873,6.5,90438
1028,tt0107387,4.8,21435
1029,tt0253867,5.2,52637
1030,tt0090305,6.6,74328
1031,tt0051622,7.1,19333
1032,tt0245803,5.5,46325
1033,tt0118607,7.3,67035
1034,tt0804461,6.8,66693
1035,tt0345950,7.0,72768
1036,tt0077745,7.4,47770
1037,tt0113010,4.3,11514
1038,tt0113347,6.3,10150
1039,tt0113451,5.3,10779
1040,tt0089092,6.9,40960
1041,tt0377062,6.1,50157
1042,tt0265298,5.4,33090
1043,tt0090863,7.0,69155
1044,tt0087597,6.7,35849
1045,tt0070608,7.6,106338
1046,tt0962726,4.7,53949
1047,tt0102603,6.5,28083
1048,tt0264935,6.2,50556
1049,tt0094142,6.2,31490
1050,tt0056085,7.1,17220
1051,tt0068699,7.5,46270
1052,tt1132626,5.8,108744
1053,tt0426592,4.5,60700
1054,tt0102558,5.1,21226
1055,tt0067927,7.2,25194
1056,tt0096101,5.7,22510
1057,tt0096487,6.9,51223
1058,tt0378109,5.8,70938
1059,tt0108358,7.8,117568
1060,tt0119282,7.3,188018
1061,tt0146309,7.3,51432
1062,tt0119978,7.2,57232
1063,tt0089469,6.5,56042
1064,tt0080487,7.3,98776
1065,tt0203019,7.2,102226
1066,tt0114194,6.5,27600
1067,tt0043274,7.4,119171
1068,tt0493430,7.0,63651
1069,tt0383216,5.6,77126
1070,tt0245562,6.1,63002
1071,tt0079417,7.8,121143
1072,tt0144528,4.4,46215
1073,tt0758774,7.1,202443
1074,tt0095687,5.3,23902
1075,tt0115857,5.7,45954
1076,tt0838283,6.9,251337
1077,tt0233142,6.0,42180
1078,tt0106701,5.6,52327
1079,tt0103759,7.1,35591
1080,tt0098273,6.8,35448
1081,tt0381707,5.6,121558
1082,tt0094137,6.0,44031
1083,tt1014759,6.4,364307
1084,tt0114825,4.6,20284
1085,tt0111756,6.7,42463
1086,tt0887912,7.6,398675
1087,tt1125849,7.9,279814
1088,tt0811138,3.8,48433
1089,tt0369436,5.6,58854
1090,tt0144964,4.6,18591
1091,tt0160916,6.0,20458
1092,tt0451079,6.8,123204
1093,tt0103247,6.7,18309
1094,tt0418753,6.7,6302
1095,tt0055254,7.2,141348
1096,tt0095776,6.7,40318
1097,tt0115994,5.9,4704
1098,tt0472033,7.1,127379
1099,tt0326769,4.6,12232
1100,tt0119304,5.1,7781
1101,tt0077681,6.3,27519
1102,tt0279493,5.8,32314
1103,tt0338459,4.2,50799
1104,tt0377091,7.2,29583
1105,tt0086927,6.3,33528
1106,tt0026752,7.7,19309
1107,tt0066817,7.1,31610
1108,tt0971209,6.5,64806
1109,tt1175506,6.7,10372
1110,tt0489237,6.2,54140
1111,tt0834001,6.6,144243
1112,tt0093185,7.0,15774
1113,tt0117666,8.0,82772
1114,tt0088708,5.5,12863
1115,tt0202470,6.3,39284
1116,tt0183659,7.0,25816
1117,tt0104438,5.8,16143
1118,tt0098320,5.5,13876
1119,tt0470705,6.1,31641
1120,tt0076141,6.7,18581
1121,tt1225822,6.1,43109
1122,tt0808399,6.3,43471
1123,tt1019452,7.0,124159
1124,tt0106613,4.1,7942
1125,tt0268397,6.0,28698
1126,tt0276816,6.1,20040
1127,tt0068612,6.3,10321
1128,tt0181739,6.3,30297
1129,tt0119832,5.8,6284
1130,tt0156934,5.2,19009
1131,tt0852713,5.5,75533
1132,tt0092699,7.2,25176
1133,tt0119906,5.6,7018
1134,tt0315824,4.9,17199
1135,tt0076451,6.7,16620
1136,tt1196340,6.6,6058
1137,tt0367085,4.5,20682
1138,tt0800308,6.7,56270
1139,tt0449086,5.2,9901
1140,tt0093278,4.4,9786
1141,tt0076504,5.7,9750
1142,tt0087003,7.4,22337
1143,tt0446046,6.6,23991
1144,tt0089604,5.3,7073
1145,tt0443431,4.9,8538
1146,tt0995039,6.7,66603
1147,tt1151359,6.4,25840
1148,tt0416212,7.3,22977
1149,tt0858479,6.1,21991
1150,tt0800240,6.1,36551
1151,tt0848557,5.6,44630
1152,tt0467197,5.4,118584
1153,tt0397892,6.8,177852
1154,tt0780607,6.1,19776
1155,tt0106233,6.3,5981
1156,tt0419843,6.4,30235
1157,tt0283503,6.3,5342
1158,tt0423169,6.6,11202
1159,tt0862846,6.8,67650
1160,tt0780622,5.4,39733
1161,tt0482572,6.6,57490
1162,tt0102915,6.1,15349
1163,tt0464907,6.6,2377
1164,tt0850253,6.7,13850
1165,tt0409459,7.6,464321
1166,tt0814022,5.4,53430
1167,tt0360323,6.4,5924
1168,tt0758746,5.5,91128
1169,tt1205489,8.1,681171
1170,tt0790623,6.2,18989
1171,tt0479537,6.7,28032
1172,tt0490181,5.2,25132
1173,tt0417433,5.9,19749
1174,tt0947802,6.1,46830
1175,tt0072856,6.2,22976
1176,tt0988047,7.0,53559
1177,tt0481536,6.6,126119
1178,tt0408524,5.8,19513
1179,tt0083929,7.2,86862
1180,tt0091445,6.9,13705
1181,tt1091617,3.7,11717
1182,tt0854678,7.5,14034
1183,tt0262396,6.0,7067
1184,tt0310281,7.2,24564
1185,tt0396652,6.0,23327
1186,tt1034331,6.0,81465
1187,tt0290332,4.8,6357
1188,tt0390022,7.2,55155
1189,tt0168786,7.3,31086
1190,tt0465580,6.1,101751
1191,tt0804516,5.9,30002
1192,tt0335559,5.6,25559
1193,tt1185416,5.6,58007
1194,tt0211933,6.5,70228
1195,tt0492619,6.3,10786
1196,tt0494652,5.5,12744
1197,tt0244000,6.0,13331
1198,tt0303933,5.8,31959
1199,tt0443295,5.5,25328
1200,tt0489037,7.7,11908
1201,tt0093560,7.1,25723
1202,tt1135985,6.5,80613
1203,tt0269095,6.1,23448
1204,tt0086320,6.3,23373
1205,tt0103125,6.3,4562
1206,tt0970411,6.5,60224
1207,tt0082031,6.9,24302
1208,tt0395495,6.0,22576
1209,tt0492956,6.1,54747
1210,tt0115734,7.0,65277
1211,tt0299172,5.3,18360
1212,tt0365125,5.1,11762
1213,tt0090670,7.0,13150
1214,tt0437800,7.3,17465
1215,tt0087957,6.6,17927
1216,tt0089961,6.2,10634
1217,tt0091993,5.7,12357
1218,tt0452681,4.7,29900
1219,tt0283084,6.6,20176
1220,tt1139668,4.8,47712
1221,tt1013752,6.6,247435
1222,tt1213644,1.9,84073
1223,tt1082868,6.0,66354
1224,tt1034303,7.2,131439
1225,tt0087995,6.9,31275
1226,tt0976247,4.7,8135
1227,tt1075417,5.7,52254
1228,tt0479162,6.9,5193
1229,tt0102782,5.2,17084
1230,tt0115906,7.0,6871
1231,tt0041866,7.3,14559
1232,tt0316465,6.9,36776
1233,tt0326905,6.7,20519
1234,tt0105217,6.1,12784
1235,tt0089461,6.9,12049
1236,tt0071402,7.0,32874
1237,tt0084749,5.6,5253
1238,tt1190617,4.1,9176
1239,tt0278295,5.9,12121
1240,tt0466856,6.1,10375
1241,tt0430770,5.0,19522
1242,tt1024715,6.5,30653
1243,tt1082886,7.0,29287
1244,tt0844671,4.6,11798
1245,tt0914797,6.8,14293
1246,tt0455760,6.2,80269
1247,tt0102943,7.1,18415
1248,tt0361696,5.9,25796
1249,tt0064418,7.1,12433
1250,tt0427309,7.6,53725
1251,tt1185420,6.5,12900
1252,tt0298744,6.6,12566
1253,tt0383060,4.3,17571
1254,tt0462244,3.1,14748
1255,tt1049413,8.2,867277
1256,tt1098327,2.5,67001
1257,tt0360016,5.7,2185
1258,tt0095188,6.2,18246
1259,tt0388500,5.5,15498
1260,tt0181984,7.0,46975
1261,tt0424774,3.5,28214
1262,tt0104009,4.9,19516
1263,tt0465502,6.0,21664
1264,tt0380817,6.3,7919
1265,tt0218043,7.6,7537
1266,tt0110057,8.3,22655
1267,tt0436613,7.7,9596
1268,tt0119123,5.1,15865
1269,tt0349825,7.5,44000
1270,tt1042877,7.0,18683
1271,tt0822832,7.1,138729
1272,tt0390384,6.9,91408
1273,tt0119053,5.9,14877
1274,tt0473024,2.1,8884
1275,tt0963194,6.6,22630
1276,tt0918927,7.5,115380
1277,tt0103924,5.8,19517
1278,tt0102614,6.1,20184
1279,tt0253798,6.3,16185
1280,tt0082250,6.1,13367
1281,tt0462229,4.6,10883
1282,tt1014775,3.8,21321
1283,tt0165982,6.7,45710
1284,tt0497972,6.0,10371
1285,tt0110759,6.6,11560
1286,tt0164114,5.8,17257
1287,tt1179891,5.4,51610
1288,tt1129423,6.5,19985
1289,tt0134067,5.9,17024
1290,tt0080421,5.5,7046
1291,tt0368008,6.6,98561
1292,tt0081698,6.7,12644
1293,tt0091083,6.7,20116
1294,tt0108002,7.5,51575
1295,tt0047849,7.7,17730
1296,tt1114740,5.2,97370
1297,tt0498381,4.5,35149
1298,tt0089243,4.4,3558
1299,tt0125971,6.4,8275
1300,tt0097366,6.1,18453
1301,tt0457530,6.6,656
1302,tt0265662,6.9,30389
1303,tt1073241,7.2,34666
1304,tt0060491,6.6,2480
1305,tt0058404,7.6,10047
1306,tt0081071,7.0,9080
1307,tt0199725,7.2,16986
1308,tt0088194,6.7,16470
1309,tt0470765,6.3,13290
1310,tt0067093,8.0,35965
1311,tt0327597,7.7,182006
1312,tt0361841,5.3,16758
1313,tt0085862,6.4,9974
1314,tt0283426,5.4,14007
1315,tt0070290,7.5,20327
1316,tt0106364,7.8,39500
1317,tt0263757,6.1,33528
1318,tt0430431,6.2,6492
1319,tt0466839,6.0,16430
1320,tt0157472,5.2,12827
1321,tt0085542,6.6,8694
1322,tt0396592,4.3,10697
1323,tt0085271,6.5,10275
1324,tt0281322,6.2,27287
1325,tt0283160,4.4,5215
1326,tt1121931,6.2,133792
1327,tt0059742,8.0,186467
1328,tt0097758,6.1,10418
1329,tt0110763,6.1,19579
1330,tt0088128,7.1,96511
1331,tt0095863,6.5,12278
1332,tt0290212,4.7,9249
1333,tt0785006,5.4,20228
1334,tt0088930,7.3,72030
1335,tt0137338,6.0,14192
1336,tt0086491,6.5,30935
1337,tt0430922,6.8,213394
1338,tt0087727,5.4,12904
1339,tt0067588,7.0,23673
1340,tt0101757,6.2,25787
1341,tt0077523,6.4,21621
1342,tt0475298,4.0,2675
1343,tt0388980,7.4,26211
1344,tt0892782,6.4,138507
1345,tt0252028,5.4,20952
1346,tt0441007,6.2,3895
1347,tt0068421,7.4,12273
1348,tt0924129,6.7,22035
1349,tt0090685,6.6,26085
1350,tt0106912,6.6,19715
1351,tt0338325,5.8,14236
1352,tt0264761,6.4,15465
1353,tt0220099,6.3,16043
1354,tt0082766,6.7,13341
1355,tt0081777,5.2,11143
1356,tt0345074,6.2,7622
1357,tt0483756,6.3,5474
1358,tt0345551,7.0,16342
1359,tt0189584,6.6,13466
1360,tt0433350,6.8,5252
1361,tt0083564,6.6,37246
1362,tt0227005,6.4,16503
1363,tt0092746,5.6,8200
1364,tt0053644,6.5,3538
1365,tt0107750,6.6,5296
1366,tt0077742,7.4,16939
1367,tt0048356,7.7,19674
1368,tt0120094,6.7,22817
1369,tt0279111,6.4,14685
1370,tt0061584,6.2,7793
1371,tt0062994,7.4,17170
1372,tt0099800,6.4,12144
1373,tt0080437,7.2,17631
1374,tt0104573,7.1,21741
1375,tt0120906,6.9,13407
1376,tt0161100,7.0,7792
1377,tt0255819,6.4,11967
1378,tt0168501,6.8,8600
1379,tt0145893,5.3,12757
1380,tt0104418,6.0,3505
1381,tt0076929,6.5,9491
1382,tt0202402,5.5,9306
1383,tt0039302,7.5,16327
1384,tt0339412,5.5,13428
1385,tt0101545,5.9,9055
1386,tt0083767,6.9,38993
1387,tt1116184,7.0,54144
1388,tt0095444,6.2,30055
1389,tt0103596,5.3,19088
1390,tt0379786,7.8,273392
1391,tt0079826,7.0,7416
1392,tt0092076,5.6,25476
1393,tt0083642,5.9,9247
1394,tt0120757,4.3,8423
1395,tt1659343,5.0,18424
1396,tt1763264,6.0,17201
1397,tt0099991,5.8,1061
1398,tt0054604,5.0,97
1399,tt0790628,5.9,68378
1400,tt1932767,7.4,25809
1401,tt2277860,7.3,219767
1402,tt1656186,5.5,41692
1403,tt1433811,7.5,70705
1404,tt1230215,6.0,4130
1405,tt1758795,5.8,34987
1406,tt1821549,7.7,106669
1407,tt1967545,6.9,39932
1408,tt1904996,6.2,107196
1409,tt2103281,7.6,395401
1410,tt1734586,4.6,519
1411,tt1291580,7.0,38446
1412,tt2041488,5.1,4345
1413,tt0039428,6.6,952
1414,tt2357129,5.9,90082
1415,tt0848537,6.7,96351
1416,tt2234155,6.3,181945
1417,tt0359950,7.3,279444
1418,tt0249516,1.6,8784
1419,tt2334879,6.4,195346
1420,tt2302755,6.5,241639
1421,tt0106505,5.1,2046
1422,tt2015381,8.0,978083
1423,tt0128214,5.2,309
1424,tt2292959,3.8,9970
1425,tt0043116,6.2,221
1426,tt1786751,6.6,8234
1427,tt0027690,5.7,944
1428,tt1702439,6.7,98698
1429,tt0089823,5.0,241
1430,tt1866249,7.2,40149
1431,tt1981677,7.2,261354
1432,tt1979388,6.7,93533
1433,tt1954352,5.9,1759
1434,tt0993846,8.2,1066535
1435,tt2002718,5.6,71111
1436,tt1711425,5.8,69521
1437,tt1211956,6.7,215608
1438,tt0091613,5.8,492
1439,tt0019195,7.3,1118
1440,tt0453562,7.5,79056
1441,tt1245492,6.6,366266
1442,tt1532958,5.0,8839
1443,tt2191701,5.4,131474
1444,tt2053463,7.1,171142
1445,tt1535109,7.8,394181
1446,tt1288558,6.5,148818
1447,tt2024432,5.7,117857
1448,tt1951261,5.8,276828
1449,tt1229340,6.3,159077
1450,tt2294629,7.5,527221
1451,tt1985966,6.4,83032
1452,tt1559547,6.1,80830
1453,tt2097307,6.1,32731
1454,tt0029310,7.2,1981
1455,tt1510907,6.7,302
1456,tt1704573,6.8,54402
1457,tt1690953,7.4,350551
1458,tt1712170,5.1,31206
1459,tt1945062,4.8,9306
1460,tt2132285,5.6,78652
1461,tt1234721,6.2,208215
1462,tt1817273,7.3,230702
1463,tt1790885,7.4,255408
1464,tt1235522,6.2,72431
1465,tt0093980,5.4,752
1466,tt0119746,6.0,2331
1467,tt1716777,7.1,40047
1468,tt1291150,5.8,194062
1469,tt0095958,6.3,1833
1470,tt2395427,7.3,687049
1471,tt2096672,5.6,121095
1472,tt1418377,5.1,75835
1473,tt1843866,7.7,685803
1474,tt2215719,5.8,13084
1475,tt1951264,7.5,583468
1476,tt1566637,4.6,1175
1477,tt1872181,6.6,396029
1478,tt1587310,7.0,317060
1479,tt0478970,7.3,521472
1480,tt1839492,7.2,91974
1481,tt1935179,7.4,158829
1482,tt1748122,7.8,296925
1483,tt1840417,7.1,71236
1484,tt0037465,6.4,1354
1485,tt1920849,5.3,43693
1486,tt2125435,7.3,78065
1487,tt1996264,6.0,15132
1488,tt1990314,7.1,59821
1489,tt1862079,7.0,113221
1490,tt2063781,6.8,15792
1491,tt1659337,8.0,429348
1492,tt1065073,7.9,319877
1493,tt1800741,6.4,51834
1494,tt0070743,4.9,192
1495,tt0034299,6.5,952
1496,tt1682180,6.8,98646
1497,tt2042568,7.5,126495
1498,tt1959490,5.8,232269
1499,tt1340138,6.4,240719
1500,tt1411250,6.4,147020
1501,tt1100089,7.0,127630
1502,tt1907668,7.3,307700
1503,tt1321511,5.7,64525
1504,tt0039806,6.3,1798
1505,tt0094813,5.1,1178
1506,tt1931435,5.6,44962
1507,tt0113463,5.7,2693
1508,tt1333125,4.3,94708
1509,tt0454876,7.9,546115
1510,tt1307068,6.7,103175
1511,tt1876451,5.7,5684
1512,tt1047540,6.0,23987
1513,tt0116985,6.6,1707
1514,tt0084931,3.8,605
1515,tt0108320,6.5,966
1516,tt0373051,5.8,106454
1517,tt1616195,6.5,117305
1518,tt1313139,5.8,12142
1519,tt0099039,5.0,504
1520,tt1758830,6.2,120436
1521,tt1603257,4.7,21882
1522,tt2035599,7.2,657
1523,tt2109248,5.6,287257
1524,tt0114666,5.0,1054
1525,tt0082352,6.0,1963
1526,tt1433822,4.1,18311
1527,tt1714209,4.5,32901
1528,tt1298649,5.7,117163
1529,tt0050379,5.9,2264
1530,tt1649419,7.6,182347
1531,tt1336608,5.9,70732
1532,tt2012665,4.9,2171
1533,tt1351685,6.2,125369
1534,tt0120042,7.0,1274
1535,tt1446192,7.3,147664
1536,tt0025617,6.6,1192
1537,tt1496422,5.8,34347
1538,tt1582507,5.6,67234
1539,tt1922777,6.8,203329
1540,tt1615065,6.5,116846
1541,tt1588334,6.5,60393
1542,tt1212450,7.3,216894
1543,tt1663143,5.4,13126
1544,tt1321870,6.7,198024
1545,tt1694020,5.7,34098
1546,tt1772341,7.7,354161
1547,tt1045658,7.7,629140
1548,tt1535438,6.3,39104
1549,tt1815862,4.8,184233
1550,tt1646971,7.8,285362
1551,tt0864835,6.8,58332
1552,tt2109184,4.6,59389
1553,tt1905041,7.1,352180
1554,tt1211890,6.4,1423
1555,tt1726669,6.7,68782
1556,tt0017423,7.3,1107
1557,tt1482459,6.4,91769
1558,tt1053810,6.2,39957
1559,tt0018183,7.4,747
1560,tt0830199,3.6,305
1561,tt1389137,7.1,128497
1562,tt1214962,6.2,43207
1563,tt0082619,5.4,309
1564,tt1601913,6.8,231350
1565,tt1483013,7.0,461466
1566,tt1640548,5.8,22333
1567,tt1670345,7.3,562232
1568,tt1591479,6.5,64249
1569,tt0790724,7.0,289642
1570,tt0085871,6.0,590
1571,tt1764651,6.6,281032
1572,tt2024544,8.1,590369
1573,tt0106464,6.5,780
1574,tt1854564,5.8,104082
1575,tt1981115,6.9,556025
1576,tt1560985,4.2,33867
1577,tt0383010,5.0,28861
1578,tt0837562,7.1,208866
1579,tt1645170,6.4,255572
1580,tt1706593,7.0,231747
1581,tt1617661,5.3,169713
1582,tt0052583,6.5,657
1583,tt1855199,7.6,214724
1584,tt1623288,7.0,88818
1585,tt0119517,6.3,7509
1586,tt1426329,6.2,36597
1587,tt1524137,6.5,112631
1588,tt1327194,6.5,95968
1589,tt0431021,5.9,54354
1590,tt0217107,4.1,577
1591,tt1915581,6.1,125482
1592,tt2017020,5.3,35019
1593,tt1860353,6.4,76631
1594,tt1790886,6.1,120071
1595,tt0107130,7.1,2755
1596,tt0118577,3.5,3228
1597,tt0073317,5.3,1019
1598,tt1913166,4.5,8939
1599,tt0114536,4.7,869
1600,tt0026071,7.0,4661
1601,tt1093357,4.9,55627
1602,tt1605630,6.7,194503
1603,tt1714203,3.7,37862
1604,tt0099816,6.7,2262
1605,tt0810913,3.3,72985
1606,tt1637725,6.9,545762
1607,tt0816711,7.0,564040
1608,tt1195478,6.2,89455
1609,tt1630036,7.0,17896
1610,tt1611224,5.9,144500
1611,tt0763831,5.9,37082
1612,tt1656190,6.5,97777
1613,tt0485985,5.9,32113
1614,tt0043744,6.6,622
1615,tt1397514,5.8,85577
1616,tt1583421,5.8,167326
1617,tt1606389,6.8,176035
1618,tt1778304,5.8,86778
1619,tt1517260,5.9,106848
1620,tt1850397,6.3,48160
1621,tt0107719,5.8,1625
1622,tt0082507,4.2,1222
1623,tt1646980,5.9,27369
1624,tt1217209,7.1,346435
1625,tt1622547,6.1,88895
1626,tt1453405,7.3,299089
1627,tt1142977,6.9,91287
1628,tt0164085,6.9,5592
1629,tt1667353,5.6,80371
1630,tt1564349,6.9,21126
1631,tt0114113,6.0,2025
1632,tt1634121,5.4,19562
1633,tt1535970,6.5,17968
1634,tt0403848,4.5,875
1635,tt1204342,7.1,83603
1636,tt0999913,5.8,31567
1637,tt1343092,7.3,442665
1638,tt0477302,6.9,94069
1639,tt1335975,6.2,138844
1640,tt1232829,7.2,485520
1641,tt1764234,6.2,125569
1642,tt0780504,7.8,531807
1643,tt1675192,7.4,84869
1644,tt0119578,7.0,3185
1645,tt1661382,6.4,54993
1646,tt1633356,4.0,23553
1647,tt1033575,7.3,225406
1648,tt0019729,5.7,5927
1649,tt0047494,4.7,1319
1650,tt0034808,6.6,665
1651,tt1582271,5.5,6102
1652,tt1568346,7.8,394492
1653,tt0064406,5.9,468
1654,tt0090659,5.1,544
1655,tt1621045,6.6,41506
1656,tt1922612,5.4,5481
1657,tt0083745,7.2,3746
1658,tt0102631,6.7,2560
1659,tt1853728,8.4,1245991
1660,tt1300854,7.2,709971
1661,tt1560747,7.2,136449
1662,tt1535108,6.6,401382
1663,tt1623205,6.3,193693
1664,tt1024648,7.7,542983
1665,tt1491044,6.8,66542
1666,tt1068242,5.9,43955
1667,tt0114371,5.5,1168
1668,tt1598828,5.3,38842
1669,tt1408101,7.7,449435
1670,tt0009369,5.9,1038
1671,tt0760329,6.4,36152
1672,tt1702443,1.6,75018
1673,tt0277895,6.6,403
1674,tt1544600,6.4,2515
1675,tt0161023,6.6,3132
1676,tt0457303,3.9,426
1677,tt1615918,4.3,28947
1678,tt1532503,7.2,84626
1679,tt1549572,7.0,86911
1680,tt0107594,5.8,3552
1681,tt1268799,6.3,62810
1682,tt0032273,7.1,2873
1683,tt1554091,7.2,14722
1684,tt1478338,6.8,253479
1685,tt1606392,7.1,51900
1686,tt1622979,5.8,100178
1687,tt1067583,6.9,106859
1688,tt1130967,4.5,406
1689,tt0023876,5.9,4092
1690,tt1517489,3.5,20709
1691,tt1613062,7.5,7352
1692,tt0473102,7.0,3116
1693,tt0480239,5.7,12666
1694,tt1291549,5.8,2121
1695,tt0844993,4.7,11510
1696,tt1640484,5.7,9289
1697,tt1625346,6.3,75498
1698,tt1210819,6.4,211565
1699,tt1568911,7.2,138584
1700,tt1636826,6.6,180383
1701,tt1366344,5.7,66126
1702,tt1667889,6.6,179406
1703,tt1519461,4.2,11826
1704,tt1438176,6.3,95765
1705,tt1634122,6.3,113138
1706,tt1594562,5.4,31553
1707,tt1374989,5.8,47512
1708,tt1515091,7.5,399919
1709,tt1735898,6.1,262136
1710,tt0101597,7.0,2487
1711,tt0120531,4.0,1729
1712,tt1242599,6.4,7373
1713,tt0471042,6.2,126755
1714,tt1103262,3.4,320
1715,tt1436559,4.9,8725
1716,tt0289408,6.5,8867
1717,tt1291584,8.2,410306
1718,tt1130964,5.6,1399
1719,tt0094701,5.7,3129
1720,tt1650554,6.5,243218
1721,tt1583420,6.1,59920
1722,tt1599348,6.7,195270
1723,tt1596350,6.3,169449
1724,tt0035703,7.1,2526
1725,tt1600195,5.1,73395
1726,tt1637706,6.4,81559
1727,tt1547230,4.2,2744
1728,tt0035884,7.3,4583
1729,tt1428538,6.1,186320
1730,tt1210166,7.6,333970
1731,tt0968264,6.9,26634
1732,tt1758692,6.7,56509
1733,tt1719071,6.1,3856
1734,tt1764183,6.6,47555
1735,tt1234719,5.4,70495
1736,tt0905372,6.2,113757
1737,tt0160338,6.0,2305
1738,tt0093596,5.6,3588
1739,tt0116414,5.1,5588
1740,tt1318514,7.6,478446
1741,tt0402022,5.4,120245
1742,tt0416236,6.5,82984
1743,tt0134273,6.5,117455
1744,tt0427470,7.0,55121
1745,tt0486822,6.8,209900
1746,tt0328828,6.3,185416
1747,tt0831887,4.8,58083
1748,tt0107840,6.0,11538
1749,tt0430105,6.8,126895
1750,tt1023481,6.2,76864
1751,tt0096256,7.3,99646
1752,tt1080016,6.9,208831
1753,tt0829482,7.6,492570
1754,tt0102798,6.9,168863
1755,tt1055369,6.0,369447
1756,tt0278488,6.3,50697
1757,tt0455960,5.6,39056
1758,tt0088993,7.2,59330
1759,tt0297181,5.4,47010
1760,tt0216216,5.9,111947
1761,tt1023111,6.6,91933
1762,tt0109686,7.3,334456
1763,tt0251160,7.1,117023
1764,tt0120891,4.9,146249
1765,tt0386588,6.6,281976
1766,tt0248667,6.8,88997
1767,tt0112857,6.7,16258
1768,tt0118892,7.2,15162
1769,tt0110357,8.5,868975
1770,tt0099422,6.1,54311
1771,tt0311113,7.4,191856
1772,tt0404032,6.7,112778
1773,tt0949731,5.0,188402
1774,tt0120647,6.2,153596
1775,tt0357413,7.2,313329
1776,tt0080736,6.7,19620
1777,tt0116514,5.2,18036
1778,tt0871426,6.0,39883
1779,tt0116250,6.3,32537
1780,tt0111438,5.9,52543
1781,tt0118883,6.7,88853
1782,tt0250494,6.2,169854
1783,tt0112642,6.1,110447
1784,tt0116136,6.5,87439
1785,tt0113497,7.0,277426
1786,tt0111143,6.1,21974
1787,tt0093777,6.7,33615
1788,tt0120207,2.8,10372
1789,tt0091326,6.0,67148
1790,tt0119664,5.5,24308
1791,tt0493464,6.7,345327
1792,tt0098084,6.6,87685
1793,tt1129445,5.8,11507
1794,tt0120587,6.5,140743
1795,tt0356634,5.0,73890
1796,tt0486674,5.6,25706
1797,tt1045772,6.6,88154
1798,tt0448157,6.4,420108
1799,tt0172156,6.6,210276
1800,tt0112740,7.3,95135
1801,tt1099212,5.2,400725
1802,tt0478304,6.8,158600
1803,tt0357507,4.2,28845
1804,tt0129280,5.5,12282
1805,tt0419946,4.7,31146
1806,tt0391304,6.6,65286
1807,tt0398712,6.3,71351
1808,tt0109635,6.1,43447
1809,tt0110997,6.4,38951
1810,tt0489281,6.4,19204
1811,tt0436331,5.8,24919
1812,tt0425123,6.7,94416
1813,tt0140352,7.8,151776
1814,tt0382628,5.6,57814
1815,tt0322802,6.6,77551
1816,tt0095631,7.5,66162
1817,tt0133240,7.2,93021
1818,tt0304669,5.6,45751
1819,tt0166813,7.1,59288
1820,tt0106941,6.2,11275
1821,tt1033643,6.1,159022
1822,tt0406759,5.4,49678
1823,tt0142342,6.4,188266
1824,tt0280460,5.6,13953
1825,tt0397313,7.3,57311
1826,tt0084021,4.4,30908
1827,tt0408839,5.8,81190
1828,tt0356680,6.3,57143
1829,tt0111400,5.5,12255
1830,tt0066011,6.9,27721
1831,tt0114614,5.3,28669
1832,tt0113677,7.5,15300
1833,tt0430304,4.4,47423
1834,tt0057546,7.2,82308
1835,tt0090056,6.4,41566
1836,tt0097481,6.1,18657
1837,tt0112346,6.8,48988
1838,tt0114576,5.8,30408
1839,tt0117002,5.8,13440
1840,tt0104839,6.0,20005
1841,tt0115963,6.3,70197
1842,tt0115759,6.0,86856
1843,tt0107144,6.6,79525
1844,tt0257076,6.0,132844
1845,tt0114011,6.8,25538
1846,tt0393109,7.3,96060
1847,tt0114857,5.6,26605
1848,tt0107034,6.4,34298
1849,tt0112281,6.4,191232
1850,tt0133751,6.5,105085
1851,tt0070735,8.3,225181
1852,tt0116705,5.6,84893
1853,tt0090329,7.4,79939
1854,tt0215129,6.4,150563
1855,tt0056197,7.8,49804
1856,tt0398165,6.4,153001
1857,tt0102070,5.8,49325
1858,tt0117333,6.4,71794
1859,tt0385880,6.6,92137
1860,tt0115736,7.3,47844
1861,tt0116654,4.5,29541
1862,tt0465142,5.4,23804
1863,tt0113855,5.8,95364
1864,tt0408790,6.3,145563
1865,tt0102266,7.0,87688
1866,tt0118661,3.8,39362
1867,tt0061852,7.6,154329
1868,tt0117218,5.6,103460
1869,tt0109444,6.9,83287
1870,tt0116830,6.4,50797
1871,tt0277296,5.5,124712
1872,tt0087928,6.7,105575
1873,tt0389860,6.4,288238
1874,tt0089218,7.8,223620
1875,tt0298814,5.5,87256
1876,tt0120746,6.7,159074
1877,tt0113540,7.1,68959
1878,tt0086200,6.8,75190
1879,tt0114508,5.8,70421
1880,tt0356150,6.6,185054
1881,tt0457510,5.7,76838
1882,tt0097523,6.3,132471
1883,tt0265459,6.8,109442
1884,tt0309593,6.2,143134
1885,tt0110478,7.0,96397
1886,tt0118615,4.8,89223
1887,tt0104691,7.7,138981
1888,tt0100814,7.1,110429
1889,tt0119008,7.7,258796
1890,tt0390521,7.2,96812
1891,tt0324216,6.2,124773
1892,tt0104070,6.6,95949
1893,tt0335438,6.1,133476
1894,tt0107206,7.2,86643
1895,tt0082198,6.9,130182
1896,tt0427944,7.6,207478
1897,tt0116695,7.3,226458
1898,tt0251075,6.1,114473
1899,tt0100029,6.2,30520
1900,tt0117603,6.9,12872
1901,tt0119951,6.9,32545
1902,tt0119994,6.3,15338
1903,tt0119223,6.9,48921
1904,tt0119896,5.5,18045
1905,tt0120483,6.7,28443
1906,tt0120633,6.6,26163
1907,tt0120458,5.0,25087
1908,tt0120157,6.0,49645
1909,tt0265666,7.6,249783
1910,tt0120770,6.3,54032
1911,tt0139239,7.2,64796
1912,tt0117826,5.4,12499
1913,tt0119468,6.6,60063
1914,tt0119718,4.0,13605
1915,tt0118617,7.1,104689
1916,tt0119432,5.2,21517
1917,tt0120609,6.1,27438
1918,tt0118798,6.8,23914
1919,tt0120631,7.0,65811
1920,tt0142192,6.1,16841
1921,tt0066580,8.2,15119
1922,tt0124718,6.9,41780
1923,tt0158983,7.7,184732
1924,tt0105323,8.0,238180
1925,tt0107688,8.0,273523
1926,tt0287978,5.3,199784
1927,tt0145681,6.7,144624
1928,tt0113492,5.6,104975
1929,tt0287717,5.1,56190
1930,tt0120693,6.7,55288
1931,tt0096320,6.0,105943
1932,tt0109506,7.6,157867
1933,tt0441773,7.5,390413
1934,tt0104348,7.8,90009
1935,tt0305224,6.2,194332
1936,tt0107554,7.5,47666
1937,tt0396269,6.9,318265
1938,tt0103919,6.6,61426
1939,tt0195714,6.7,215623
1940,tt0300051,6.2,60884
1941,tt0091209,7.3,40783
1942,tt0473075,6.6,259165
1943,tt0098987,6.5,16418
1944,tt0086197,7.8,53221
1945,tt0070047,8.0,341305
1946,tt0099365,6.4,55093
1947,tt0107808,7.6,69011
1948,tt0114887,6.7,29778
1949,tt0300556,5.6,57991
1950,tt0146838,6.9,107563
1951,tt0116277,5.9,44056
1952,tt0314353,6.6,108215
1953,tt0099739,5.8,25863
1954,tt0078869,6.0,21472
1955,tt0106677,7.6,150511
1956,tt0309377,6.4,39966
1957,tt0119137,5.3,79573
1958,tt0084805,7.4,91014
1959,tt0295289,5.6,16025
1960,tt0077369,6.4,13976
1961,tt0099165,5.6,20498
1962,tt0107362,6.4,127985
1963,tt0101764,5.6,35685
1964,tt0102059,6.8,93270
1965,tt0094761,6.5,29072
1966,tt0094898,7.0,150033
1967,tt0112697,6.8,161363
1968,tt0095963,6.1,60283
1969,tt0105414,6.4,29526
1970,tt0087078,5.9,72552
1971,tt0098439,6.4,90398
1972,tt0368709,6.4,64992
1973,tt0110725,4.6,21089
1974,tt0267913,5.0,90175
1975,tt0079714,6.8,29281
1976,tt0452598,5.5,51421
1977,tt0096061,7.0,78467
1978,tt0088172,7.0,39951
1979,tt0097441,7.8,114637
1980,tt0420609,7.0,15753
1981,tt0375063,7.5,171658
1982,tt0187078,6.5,249246
1983,tt0454919,4.8,27307
1984,tt0280760,6.9,31146
1985,tt0452637,5.5,91798
1986,tt0343996,6.6,8945
1987,tt0395972,7.3,37719
1988,tt0450345,3.7,61394
1989,tt0119303,4.4,96706
1990,tt0415306,6.6,157085
1991,tt0374536,4.8,66111
1992,tt0082418,6.1,53541
1993,tt0401445,7.0,83717
1994,tt0083972,5.7,43156
1995,tt0087298,6.0,40486
1996,tt0089173,4.8,30567
1997,tt0112442,6.9,211805
1998,tt0106697,6.7,148306
1999,tt0217869,7.3,363329
2000,tt0119485,7.0,24581
2001,tt0089155,6.9,44663
2002,tt0408345,5.8,54277
2003,tt0477051,4.0,64240
2004,tt0799949,2.4,98862
2005,tt0462590,6.5,105678
2006,tt0421206,6.9,42670
2007,tt0452594,5.8,119022
2008,tt0099329,6.5,51605
2009,tt0119592,6.3,18412
2010,tt0325537,5.5,17293
2011,tt0377107,6.7,41499
2012,tt0240890,6.9,99088
2013,tt0403508,6.5,51663
2014,tt0165710,6.9,33899
2015,tt0384793,6.4,117740
2016,tt0204137,6.6,12096
2017,tt0424993,5.5,42549
2018,tt0120660,7.3,216772
2019,tt0107818,7.7,210088
2020,tt0117500,7.4,297246
2021,tt0114898,6.2,169964
2022,tt0317705,8.0,617026
2023,tt0414951,6.3,14817
2024,tt0206275,6.2,54640
2025,tt0106447,5.7,2085
2026,tt1498569,6.8,16893
2027,tt0102849,5.4,4429
2028,tt0199290,4.7,2833
2029,tt0108000,7.0,2265
2030,tt0117718,7.0,5133
2031,tt1628841,5.2,158071
2032,tt0083254,5.4,2438
2033,tt0081747,4.5,2347
2034,tt1606378,5.3,190800
2035,tt0102818,6.2,2375
2036,tt1161864,6.0,86828
2037,tt1226753,6.8,61852
2038,tt0095904,5.8,3581
2039,tt0084472,3.8,1888
2040,tt0881320,5.9,51672
2041,tt0088256,5.8,1496
2042,tt0486619,4.8,186
2043,tt0873886,6.2,59902
2044,tt0107277,5.7,1341
2045,tt0113965,5.2,6006
2046,tt0480687,5.8,115174
2047,tt1334512,5.7,49445
2048,tt1216475,6.1,144152
2049,tt0829150,6.3,167651
2050,tt0491152,5.9,55088
2051,tt1345836,8.4,1418060
2052,tt1194173,6.7,272065
2053,tt0089798,4.5,4278
2054,tt0081439,5.6,903
2055,tt1302011,7.2,234578
2056,tt0116404,6.7,4676
2057,tt1034389,6.2,62293
2058,tt0481499,7.2,180027
2059,tt1488555,6.3,157660
2060,tt0790736,5.6,111675
2061,tt1547234,6.5,106222
2062,tt1568338,6.6,138899
2063,tt0401729,6.6,244976
2064,tt1637688,6.7,351056
2065,tt1270798,7.7,619603
2066,tt0115610,5.8,5309
2067,tt0409847,6.0,198357
2068,tt0120910,7.2,32765
2069,tt1265990,4.8,33760
2070,tt0859635,6.1,21374
2071,tt0258273,6.7,6599
2072,tt0446345,7.5,711
2073,tt0893412,5.5,13780
2074,tt1305591,5.4,20068
2075,tt1189340,7.3,199144
2076,tt1411704,5.4,29357
2077,tt0109783,5.2,2416
2078,tt0118623,6.4,5254
2079,tt1632708,6.5,322215
2080,tt1564367,6.4,206092
2081,tt1486193,5.6,13195
2082,tt1324999,4.9,211574
2083,tt1673434,5.5,218341
2084,tt1570728,7.4,443469
2085,tt1655460,5.6,69977
2086,tt0093974,3.7,5118
2087,tt0810922,6.3,49271
2088,tt0294289,4.4,169
2089,tt1615147,7.1,109014
2090,tt1562568,6.2,2892
2091,tt1449283,7.2,20064
2092,tt0363504,5.9,1384
2093,tt1596343,7.3,335498
2094,tt1499658,6.9,403824
2095,tt1604171,5.4,14400
2096,tt1219289,7.4,500596
2097,tt0119346,7.0,1619
2098,tt1464580,6.5,39208
2099,tt1284575,5.6,183864
2100,tt1509767,5.7,99354
2101,tt1032825,6.4,18025
2102,tt1496025,6.4,140065
2103,tt0063642,6.5,1847
2104,tt0103977,5.0,890
2105,tt1253863,6.2,267499
2106,tt0020332,6.1,672
2107,tt0027040,6.7,1024
2108,tt0056556,6.4,3329
2109,tt1289401,5.2,191425
2110,tt0052969,4.0,4125
2111,tt0050530,5.1,2185
2112,tt0049233,7.4,5918
2113,tt0033729,7.7,19568
2114,tt0035959,7.0,2061
2115,tt0758752,6.7,170475
2116,tt0046248,3.0,4238
2117,tt0040594,6.6,745
2118,tt1458175,7.4,171204
2119,tt0036628,6.6,1363
2120,tt1452628,4.9,24179
2121,tt0464154,5.4,82598
2122,tt0024548,6.4,5029
2123,tt0038213,7.4,1638
2124,tt0281680,6.6,851
2125,tt0027948,6.3,2117
2126,tt0028216,7.2,4599
2127,tt0027438,7.1,4181
2128,tt0026529,7.5,5251
2129,tt1270835,5.5,11614
2130,tt0872230,4.8,18784
2131,tt1013860,5.1,14255
2132,tt0981042,7.0,2665
2133,tt1152822,6.4,6520
2134,tt1242432,6.3,70685
2135,tt0817177,7.7,76273
2136,tt1596346,7.0,42485
2137,tt1483010,6.0,255
2138,tt1314655,6.2,123603
2139,tt0477080,6.7,175389
2140,tt0039066,6.6,2526
2141,tt1423995,5.4,39000
2142,tt1172991,6.7,41630
2143,tt0105597,5.5,1421
2144,tt0947798,8.0,660429
2145,tt0419663,3.9,1212
2146,tt1403865,7.6,289813
2147,tt1578275,5.3,48985
2148,tt0259567,5.5,1297
2149,tt1212419,6.4,87943
2150,tt0399901,6.7,864
2151,tt1274300,5.3,7156
2152,tt1645089,8.2,66152
2153,tt0061420,6.0,2015
2154,tt0466893,6.4,14926
2155,tt1440129,5.8,227535
2156,tt1403177,7.0,49014
2157,tt0204350,5.1,1206
2158,tt1192628,7.2,220208
2159,tt1133985,5.5,256025
2160,tt1217613,5.7,168517
2161,tt1529572,6.9,39773
2162,tt1244754,7.2,40268
2163,tt1512235,6.7,71645
2164,tt0096926,6.2,4397
2165,tt1411697,6.4,440076
2166,tt1555064,6.3,16478
2167,tt0964517,7.8,321126
2168,tt1586752,6.8,60690
2169,tt1369706,5.6,38789
2170,tt1531663,6.4,46268
2171,tt0377981,5.9,50185
2172,tt0109067,5.5,8127
2173,tt1436562,6.9,194780
2174,tt0315431,3.8,499
2175,tt0465440,4.9,523
2176,tt0439182,6.2,1184
2177,tt1464540,6.1,220162
2178,tt0065916,6.8,2569
2179,tt1120985,7.4,173083
2180,tt0110146,5.3,7097
2181,tt0108187,3.9,4557
2182,tt0465407,5.7,896
2183,tt0914382,6.4,1359
2184,tt0120722,6.5,4410
2185,tt0091786,5.7,2544
2186,tt0096978,4.8,949
2187,tt0163984,5.3,1019
2188,tt0073941,6.4,432
2189,tt0160429,4.4,3522
2190,tt1502404,5.4,91147
2191,tt0087968,6.7,3865
2192,tt0116269,5.9,1887
2193,tt1570989,6.2,13495
2194,tt0102687,6.5,3572
2195,tt0151804,7.7,230349
2196,tt0093437,7.3,114588
2197,tt0099582,6.6,76150
2198,tt0112864,7.6,345829
2199,tt0099423,7.2,317813
2200,tt0299658,7.1,204198
2201,tt0081398,8.2,295749
2202,tt0472043,7.8,274414
2203,tt0040746,8.0,117884
2204,tt0363988,6.6,172595
2205,tt0204946,6.0,82414
2206,tt0117381,7.7,168216
2207,tt0477347,6.4,292862
2208,tt0212338,7.0,296527
2209,tt0101540,7.3,157475
2210,tt0106489,7.8,118967
2211,tt0202677,6.7,30536
2212,tt0086465,7.5,125392
2213,tt0080474,7.2,14761
2214,tt0119528,6.9,264825
2215,tt0117318,7.3,83587
2216,tt0095647,7.8,80797
2217,tt0101921,7.7,62485
2218,tt0399201,6.8,290645
2219,tt0230030,6.0,92117
2220,tt0111257,7.2,309316
2221,tt0120179,3.9,70823
2222,tt0141098,5.4,30774
2223,tt0113957,5.9,57384
2224,tt0117913,7.5,121623
2225,tt0799954,7.2,10523
2226,tt0099810,7.6,167196
2227,tt0350258,7.7,129626
2228,tt0444682,5.6,41011
2229,tt0065462,6.1,39537
2230,tt0067065,6.3,29959
2231,tt0068408,6.1,28451
2232,tt0450278,5.9,161518
2233,tt0498353,5.5,81567
2234,tt0089885,7.2,51268
2235,tt0100157,7.8,168902
2236,tt0118880,6.9,261511
2237,tt0069768,5.5,27334
2238,tt0049261,7.7,31751
2239,tt0102175,6.5,15766
2240,tt0124315,7.4,89199
2241,tt0800080,6.7,410921
2242,tt0055614,7.5,89673
2243,tt0371746,7.9,885346
2244,tt0099141,6.0,37413
2245,tt0209163,6.3,287731
2246,tt0435705,6.2,141959
2247,tt0458339,6.9,687130
2248,tt0361596,7.5,123237
2249,tt0098213,7.4,24968
2250,tt0497116,7.4,78122
2251,tt0087277,6.6,64832
2252,tt0338466,5.7,49382
2253,tt0363589,7.2,81642
2254,tt0162710,7.1,7871
2255,tt0183649,7.0,240085
2256,tt0463034,5.6,75713
2257,tt0343660,6.8,308930
2258,tt0093692,5.8,46985
2259,tt0156841,4.6,10402
2260,tt0120655,7.3,200684
2261,tt0294870,6.9,47098
2262,tt0072973,7.1,5812
2263,tt0068837,5.2,2576
2264,tt0070334,7.6,23187
2265,tt0125664,7.4,118212
2266,tt0469641,5.9,74965
2267,tt0418279,7.0,575561
2268,tt0031725,7.9,17587
2269,tt1298650,6.6,455172
2270,tt0120669,7.6,245997
2271,tt0087985,6.4,48164
2272,tt0104797,7.7,77177
2273,tt0087538,7.2,161710
2274,tt0080684,8.7,1075939
2275,tt0086190,8.3,880597
2276,tt0120915,6.5,667287
2277,tt0121765,6.6,587229
2278,tt0121766,7.5,653626
2279,tt0259711,6.9,237210
2280,tt0397535,7.4,132986
2281,tt0112883,6.7,46203
2282,tt0120657,6.6,111826
2283,tt0230838,6.7,81499
2284,tt0105665,7.3,78650
2285,tt0286716,5.6,242705
2286,tt0948470,6.9,534501
2287,tt0775539,5.4,21200
2288,tt0037008,8.0,39359
2289,tt0110638,6.5,26002
2290,tt0350261,7.0,27720
2291,tt0479884,6.9,224651
2292,tt0443706,7.7,405618
2293,tt0278435,5.7,36984
2294,tt0489235,6.2,23073
2295,tt0120787,6.5,74549
2296,tt0416496,5.7,32687
2297,tt0433386,5.0,45068
2298,tt1053859,4.7,16041
2299,tt0765120,6.6,49868
2300,tt1028528,7.0,252153
2301,tt0325703,5.5,123976
2302,tt0498399,6.8,81231
2303,tt0105417,6.4,80503
2304,tt0209475,5.3,72007
2305,tt0107076,6.2,41586
2306,tt0120596,5.0,16093
2307,tt0280590,5.8,129173
2308,tt0317648,6.7,74637
2309,tt0410297,6.8,132300
2310,tt0219699,6.6,59782
2311,tt0343818,7.1,472694
2312,tt0316356,7.4,63117
2313,tt0340377,7.6,64831
2314,tt0368891,6.8,289062
2315,tt0382932,8.0,594096
2316,tt0114924,6.7,85615
2317,tt0183523,5.7,67766
2318,tt0102900,6.5,7634
2319,tt0116324,6.7,16897
2320,tt0458525,6.6,445312
2321,tt0373883,6.1,104350
2322,tt0165929,6.1,63985
2323,tt0113972,6.3,37228
2324,tt0272020,7.0,66648
2325,tt0307479,6.2,76202
2326,tt0163651,7.0,357645
2327,tt0088847,7.9,324963
2328,tt0120812,7.0,224417
2329,tt0120784,7.1,126071
2330,tt0313443,6.5,53768
2331,tt0119488,8.2,502096
2332,tt0099371,6.0,73641
2333,tt0327247,5.5,51925
2334,tt0183505,6.6,212425
2335,tt0109456,5.2,21666
2336,tt0177971,6.4,148935
2337,tt0268695,6.0,114181
2338,tt0118887,6.9,80850
2339,tt0087089,6.5,15217
2340,tt0184858,5.8,35921
2341,tt0120738,5.2,67062
2342,tt0055608,6.1,5165
2343,tt0060397,6.8,16013
2344,tt0163579,5.2,9011
2345,tt0118771,6.9,45241
2346,tt0243655,6.6,51086
2347,tt0221218,5.8,30130
2348,tt0365830,6.8,97830
2349,tt0246464,6.5,19223
2350,tt0450232,6.6,122691
2351,tt0250797,6.7,74895
2352,tt0118842,7.2,126895
2353,tt0094737,7.3,183370
2354,tt0376541,7.2,193020
2355,tt0159365,7.2,133700
2356,tt0109445,7.7,203942
2357,tt0113749,7.1,110752
2358,tt0261392,6.8,143114
2359,tt0424345,7.3,125917
2360,tt0117705,6.4,145309
2361,tt0442933,6.2,156523
2362,tt0116253,6.4,47324
2363,tt0095593,6.1,15018
2364,tt0472126,6.9,1402
2365,tt0490204,7.4,90585
2366,tt0386032,7.9,72058
2367,tt0065112,6.3,15412
2368,tt0059245,6.6,8094
2369,tt0106761,3.7,10472
2370,tt0102005,6.2,17393
2371,tt0093779,8.1,367583
2372,tt0258463,7.9,481674
2373,tt0371246,6.4,74726
2374,tt0096969,7.2,91410
2375,tt0091949,6.7,53187
2376,tt0338427,6.3,22794
2377,tt0100201,6.4,11010
2378,tt0093260,6.8,50801
2379,tt0098554,7.0,77652
2380,tt0095253,6.7,36263
2381,tt0088161,6.2,64504
2382,tt0090660,5.7,10093
2383,tt0122459,6.9,18722
2384,tt0265349,6.4,72165
2385,tt0118954,7.4,40295
2386,tt0097493,7.2,80704
2387,tt0119174,7.8,321093
2388,tt0424136,7.1,148431
2389,tt0113409,7.2,55797
2390,tt0161081,6.6,111905
2391,tt0251736,6.1,71815
2392,tt0185937,6.5,220265
2393,tt0086993,7.0,22439
2394,tt0286106,6.7,321935
2395,tt0413099,5.4,132611
2396,tt0257360,7.1,118385
2397,tt0096754,7.6,153853
2398,tt0268126,7.7,167409
2399,tt0106220,6.7,72017
2400,tt0080365,6.2,19833
2401,tt0043278,7.2,27934
2402,tt0252866,6.4,228523
2403,tt0109447,5.5,6358
2404,tt0134847,7.1,216471
2405,tt0110950,6.6,43042
2406,tt0296572,6.7,206435
2407,tt0398375,5.5,49844
2408,tt0048960,6.8,22635
2409,tt0119822,7.7,258944
2410,tt0101272,6.9,119166
2411,tt0101393,6.7,67436
2412,tt0116313,6.4,39445
2413,tt0097428,6.6,171171
2414,tt0083001,6.2,2596
2415,tt0066601,7.0,13602
2416,tt0022835,7.6,11669
2417,tt0450385,6.8,244955
2418,tt0072431,8.0,135368
2419,tt0021884,7.8,60116
2420,tt0109040,6.9,260002
2421,tt0118998,5.4,87141
2422,tt0062430,6.0,6860
2423,tt0015624,7.9,5829
2424,tt0024034,7.4,9884
2425,tt0025316,8.1,86540
2426,tt0027125,7.8,16032
2427,tt0027977,8.5,197222
2428,tt0031679,8.1,99995
2429,tt0040724,7.8,25997
2430,tt0040897,8.2,105788
2431,tt0046303,7.6,34155
2432,tt0047522,7.6,14413
2433,tt0064665,7.8,92927
2434,tt0073440,7.7,21633
2435,tt0217505,7.5,378955
2436,tt0280486,5.6,43410
2437,tt0034492,7.3,121316
2438,tt0219965,6.5,62980
2439,tt0037913,8.0,20766
2440,tt0780571,7.3,138084
2441,tt0411061,5.9,72177
2442,tt0405296,7.1,102000
2443,tt0114781,5.5,41674
2444,tt0096463,6.8,48587
2445,tt0025878,8.0,24589
2446,tt0762107,5.9,134855
2447,tt0116191,6.6,33496
2448,tt0824747,7.7,225781
2449,tt0110907,5.1,13832
2450,tt0117438,6.6,112732
2451,tt0119345,5.7,125907
2452,tt0130018,4.7,65075
2453,tt0080745,6.5,46796
2454,tt0120577,5.9,30477
2455,tt0418689,7.1,112612
2456,tt0101912,6.7,26904
2457,tt0469623,7.2,26832
2458,tt0121164,7.3,227671
2459,tt0090887,6.1,29200
2460,tt0207201,6.4,182930
2461,tt0094721,7.5,238373
2462,tt0247199,7.2,35102
2463,tt0102492,6.9,67208
2464,tt0096933,6.7,46374
2465,tt0293662,6.8,273122
2466,tt0221027,7.6,227344
2467,tt0257044,7.7,231430
2468,tt0038109,7.6,40061
2469,tt0117571,7.2,267377
2470,tt0120082,6.2,147588
2471,tt0134084,5.5,116788
2472,tt0219854,6.1,38545
2473,tt0175142,6.2,218984
2474,tt0306047,5.5,130369
2475,tt0362120,5.0,108352
2476,tt0795461,3.5,61481
2477,tt0369735,5.5,53247
2478,tt0358135,6.1,41188
2479,tt0476964,6.7,56085
2480,tt0119173,5.9,69823
2481,tt0086837,6.8,47394
2482,tt0329575,7.3,63811
2483,tt0110322,7.5,136331
2484,tt0107211,5.9,58076
2485,tt0080761,6.5,109225
2486,tt0891527,6.2,45795
2487,tt0127536,7.4,87098
2488,tt0461770,7.0,167740
2489,tt0838221,7.2,168284
2490,tt0258000,6.8,241750
2491,tt0377471,5.6,65297
2492,tt1000774,5.6,111677
2493,tt0465538,7.2,150120
2494,tt0100140,6.7,26768
2495,tt0913354,5.7,28890
2496,tt0350028,6.0,34274
2497,tt0164184,6.4,98169
2498,tt0072665,4.9,994
2499,tt0106452,5.9,15707
2500,tt0452623,7.6,237573
2501,tt0163187,5.5,88551
2502,tt0056923,7.9,61783
2503,tt0119395,6.4,100961
2504,tt0427392,5.9,71986
2505,tt0270288,7.0,79983
2506,tt0421715,7.8,549736
2507,tt0138414,6.7,5403
2508,tt0887883,7.0,292387
2509,tt0147800,7.3,275549
2510,tt0799934,6.4,86422
2511,tt0146984,6.7,51297
2512,tt0119675,5.9,43529
2513,tt0478311,6.9,335978
2514,tt0171433,6.3,48264
2515,tt0348836,5.8,101920
2516,tt0090633,6.9,45837
2517,tt0071771,7.1,15842
2518,tt0118749,7.9,223504
2519,tt0497465,7.1,230660
2520,tt0072226,6.8,14161
2521,tt0426931,7.5,100018
2522,tt0804522,6.8,52666
2523,tt0091167,7.9,62803
2524,tt0469263,6.3,21467
2525,tt0293564,6.2,144294
2526,tt0266915,6.6,188736
2527,tt0381849,7.7,273698
2528,tt0075268,5.6,3754
2529,tt0373469,7.5,205027
2530,tt0338348,6.6,158220
2531,tt0486583,5.6,37492
2532,tt0185183,2.5,73527
2533,tt0106977,7.8,249776
2534,tt0093870,7.5,218309
2535,tt0100502,5.8,77088
2536,tt0107978,4.1,43324
2537,tt0186566,6.4,69891
2538,tt0389790,6.1,131080
2539,tt0080453,5.8,59151
2540,tt0091217,7.5,40404
2541,tt0063787,5.7,2392
2542,tt0065466,6.2,9294
2543,tt0061107,6.7,22698
2544,tt0443632,6.1,46286
2545,tt0225071,5.6,21533
2546,tt0074512,6.8,18890
2547,tt0897361,3.6,25243
2548,tt0884328,7.1,265580
2549,tt0112541,6.7,8614
2550,tt0086987,3.0,4755
2551,tt0758758,8.1,533979
2552,tt0068638,7.4,25713
2553,tt0072308,6.9,36379
2554,tt0060934,7.6,12406
2555,tt0070511,8.0,114805
2556,tt0057115,8.2,208856
2557,tt0237572,6.8,50793
2558,tt0343135,5.9,120062
2559,tt0431308,7.0,193378
2560,tt0120828,5.8,69343
2561,tt0094332,6.5,57627
2562,tt0118531,6.7,20809
2563,tt0103874,7.4,177631
2564,tt0285531,5.5,85715
2565,tt0108147,5.6,45374
2566,tt0110216,4.6,61833
2567,tt0200550,5.7,102191
2568,tt0119715,6.4,48371
2569,tt0085255,6.4,15668
2570,tt0115862,6.0,12058
2571,tt0120188,7.1,154252
2572,tt0120791,6.3,67463
2573,tt0376105,5.2,15020
2574,tt0952640,5.2,71023
2575,tt0480249,7.2,645294
2576,tt0099052,6.4,59474
2577,tt0377818,5.1,73147
2578,tt0113071,6.0,64224
2579,tt0123964,6.8,42007
2580,tt0138510,6.2,37713
2581,tt0988595,6.1,146906
2582,tt0841046,6.8,63485
2583,tt0467110,4.7,18586
2584,tt0805564,7.3,132839
2585,tt0047437,7.7,54684
2586,tt0465234,6.5,208219
2587,tt0484740,6.4,21483
2588,tt0061619,7.6,22233
2589,tt0100514,5.9,23932
2590,tt0406375,6.1,85839
2591,tt0049833,7.8,58503
2592,tt0427229,5.6,68522
2593,tt0368447,6.5,231337
2594,tt0114069,6.6,102285
2595,tt0098536,6.1,59319
2596,tt0405422,7.1,371460
2597,tt0372532,6.2,45941
2598,tt0478134,7.1,66531
2599,tt0477348,8.1,784442
2600,tt0090728,7.3,115299
2601,tt0107969,6.2,40087
2602,tt0116669,5.8,53413
2603,tt0457433,5.7,42942
2604,tt1060277,7.0,356402
2605,tt0480242,6.7,94600
2606,tt0376108,5.1,11897
2607,tt0325805,7.3,119126
2608,tt1073498,2.8,98436
2609,tt0238380,7.4,299547
2610,tt0252076,5.2,80078
2611,tt0106246,7.1,46898
2612,tt0467406,7.4,471428
2613,tt0074285,7.4,156305
2614,tt0144814,4.7,14818
2615,tt0469494,8.1,474117
2616,tt0825232,7.4,217776
2617,tt0102945,6.2,46453
2618,tt0765010,7.1,104935
2619,tt0942385,7.0,357524
2620,tt0120913,6.6,56896
2621,tt0295701,5.9,167850
2622,tt0443274,6.6,140013
2623,tt0400717,6.1,80596
2624,tt0822854,7.2,295826
2625,tt0211465,6.1,21644
2626,tt0439289,6.2,21422
2627,tt0387808,6.6,134999
2628,tt0327084,6.7,150364
2629,tt0094889,5.9,75279
2630,tt0453467,7.0,279955
2631,tt0369441,6.1,126980
2632,tt0348333,6.8,85053
2633,tt0443649,5.1,121222
2634,tt0468489,7.2,81244
2635,tt0398027,6.4,17485
2636,tt0433387,6.9,60729
2637,tt0462200,6.9,58967
2638,tt0159273,6.4,95496
2639,tt0113161,6.9,72071
2640,tt0299930,2.5,44915
2641,tt0272338,7.3,135880
2642,tt0119256,7.2,37013
2643,tt0478087,6.8,216591
2644,tt0371257,6.8,71055
2645,tt0112851,7.2,162774
2646,tt0118583,6.2,215263
2647,tt0880578,6.2,45624
2648,tt0089017,6.0,19517
2649,tt0796375,6.5,17359
2650,tt0374900,6.9,187608
2651,tt0119668,6.6,35349
2652,tt0258068,7.0,26330
2653,tt0072271,7.5,124517
2654,tt0070165,6.6,2660
2655,tt0095326,4.5,2926
2656,tt0120646,6.4,12221
2657,tt0179098,6.6,13013
2658,tt0239986,6.4,6206
2659,tt0100332,8.2,10152
2660,tt0339034,2.1,24505
2661,tt0055946,2.2,5271
2662,tt0114885,5.9,8909
2663,tt0109376,2.5,4125
2664,tt0024069,7.8,6720
2665,tt0041716,7.4,14854
2666,tt0024481,7.7,6708
2667,tt0098471,6.2,10072
2668,tt0102411,5.8,4887
2669,tt0094008,6.1,8838
2670,tt0092226,5.7,5003
2671,tt0118564,7.0,14092
2672,tt0072737,6.2,3149
2673,tt0097116,6.3,4005
2674,tt0099409,5.4,6486
2675,tt0031455,7.8,9675
2676,tt1247704,5.7,5707
2677,tt0027067,6.2,3298
2678,tt0116410,6.7,9625
2679,tt0091276,5.5,7139
2680,tt0079758,5.5,3918
2681,tt0093966,5.4,4366
2682,tt0091344,3.9,5029
2683,tt1172998,6.6,2553
2684,tt0068491,6.0,830
2685,tt0102753,6.6,4398
2686,tt0038499,6.8,7555
2687,tt0266747,2.8,4914
2688,tt0124179,5.5,6615
2689,tt0044391,7.8,11913
2690,tt0460611,6.7,379
2691,tt0113360,6.0,4462
2692,tt0814255,5.9,167727
2693,tt0100828,6.2,10231
2694,tt1226229,6.4,163080
2695,tt0041088,7.5,4092
2696,tt0080771,3.7,2488
2697,tt0079576,5.3,3805
2698,tt0059573,8.0,6748
2699,tt0106627,5.8,15113
2700,tt0045125,7.5,5203
2701,tt0491211,4.5,1006
2702,tt0120703,5.7,6449
2703,tt0022958,7.4,16020
2704,tt0090693,6.3,2561
2705,tt1027718,6.2,94422
2706,tt0106684,4.0,2684
2707,tt0090293,6.1,1997
2708,tt0100666,5.3,3116
2709,tt0116823,5.6,6425
2710,tt0092147,5.9,4511
2711,tt0119709,5.6,5409
2712,tt0120390,4.9,10142
2713,tt0102395,4.4,5396
2714,tt0102655,6.0,3307
2715,tt1029285,6.1,218
2716,tt0429493,6.7,237958
2717,tt1305583,5.0,6487
2718,tt1315981,7.6,100768
2719,tt1321509,5.7,43222
2720,tt1212436,5.3,46690
2721,tt0480255,6.3,86190
2722,tt1424381,6.4,202838
2723,tt1415283,6.1,25686
2724,tt0040694,7.0,4041
2725,tt1279935,6.3,146427
2726,tt0045546,6.7,6321
2727,tt0013140,7.1,2770
2728,tt0023196,6.6,3079
2729,tt0107004,6.5,8213
2730,tt0107819,4.5,1705
2731,tt0108395,5.4,5729
2732,tt1391137,4.6,8753
2733,tt0072820,7.2,3860
2734,tt0037761,7.4,2263
2735,tt0163676,4.7,4111
2736,tt0100680,6.3,6579
2737,tt0114095,6.6,4185
2738,tt0114697,4.2,2958
2739,tt0116322,5.2,9559
2740,tt0055047,7.0,6371
2741,tt0838247,5.9,34927
2742,tt0381061,8.0,546889
2743,tt0187738,6.7,190003
2744,tt0110622,6.5,90766
2745,tt0037632,6.7,554
2746,tt0120611,7.1,231388
2747,tt0359013,5.9,158577
2748,tt0120903,7.4,545414
2749,tt0290334,7.4,489329
2750,tt0091981,4.8,3773
2751,tt1294213,6.3,15096
2752,tt1272051,5.1,1121
2753,tt0115676,4.7,4300
2754,tt0111503,7.2,223626
2755,tt0892375,8.3,2763
2756,tt0892318,6.5,87424
2757,tt0106856,7.6,158604
2758,tt0120855,7.3,187697
2759,tt0095705,7.6,139185
2760,tt0102510,6.9,98219
2761,tt0120382,8.1,859097
2762,tt0106918,6.8,108658
2763,tt0061722,8.0,241718
2764,tt0051201,8.4,95979
2765,tt0040369,7.5,15216
2766,tt0816462,5.2,91669
2767,tt0165494,3.1,4712
2768,tt0078199,7.2,5338
2769,tt1650062,7.0,323794
2770,tt1282140,7.1,336515
2771,tt0104006,5.7,6393
2772,tt1261945,4.4,70434
2773,tt1285016,7.7,578702
2774,tt1103153,5.4,83344
2775,tt1013743,6.3,171904
2776,tt1470023,5.5,40477
2777,tt1438254,6.4,55755
2778,tt0032609,6.5,344
2779,tt1253864,6.0,154646
2780,tt1148200,4.1,4851
2781,tt1385826,7.0,231174
2782,tt1001526,7.2,212540
2783,tt1322312,6.3,54945
2784,tt1152398,5.6,73338
2785,tt0120107,4.9,4225
2786,tt0879870,5.8,79982
2787,tt1414382,5.8,47277
2788,tt1222817,5.2,53608
2789,tt1240982,5.5,93863
2790,tt0822847,5.7,109781
2791,tt1464174,4.4,23927
2792,tt1399103,6.2,370662
2793,tt1126618,6.5,68848
2794,tt1320244,5.6,46433
2795,tt0977855,6.8,44397
2796,tt1375670,5.9,214834
2797,tt1055292,6.5,115029
2798,tt0088007,6.3,5958
2799,tt1049402,6.7,12196
2800,tt1392197,4.2,13528
2801,tt0095774,6.2,2422
2802,tt0082648,5.1,1685
2803,tt0016884,7.7,3752
2804,tt0078444,7.1,4211
2805,tt0398286,7.7,374927
2806,tt0427152,5.9,93012
2807,tt0165643,4.9,5406
2808,tt0493949,6.5,16349
2809,tt1139282,6.1,5191
2810,tt0071772,5.8,3264
2811,tt0076740,7.7,15500
2812,tt0097987,4.4,5515
2813,tt0023948,7.6,7064
2814,tt0271219,6.1,5576
2815,tt9015178,7.0,233
2816,tt0106521,3.6,3498
2817,tt0970866,5.5,100834
2818,tt0111187,6.0,3340
2819,tt1028576,7.2,24945
2820,tt1092026,7.0,223902
2821,tt1245526,7.0,275143
2822,tt1598778,6.6,203968
2823,tt1287468,4.3,12902
2824,tt0842926,7.0,121622
2825,tt0808526,6.4,6551
2826,tt1185344,6.2,1504
2827,tt0049452,6.2,3333
2828,tt0091671,5.9,1743
2829,tt0247745,7.1,92189
2830,tt0120836,5.0,6070
2831,tt0117104,6.2,6556
2832,tt0095756,4.8,2022
2833,tt0085694,6.0,6423
2834,tt1666186,3.4,44672
2835,tt0082378,4.7,2815
2836,tt0049875,6.8,3876
2837,tt0117260,5.7,1396
2838,tt0990407,5.8,150037
2839,tt1306980,7.6,304147
2840,tt0095927,5.9,7588
2841,tt0083542,6.1,4092
2842,tt0066115,4.4,2682
2843,tt1409024,6.8,317766
2844,tt0889573,6.1,91935
2845,tt1193631,6.2,53688
2846,tt0082948,5.2,3043
2847,tt1433108,6.4,94828
2848,tt0099578,5.7,3353
2849,tt0429277,4.0,929
2850,tt1536044,5.6,94521
2851,tt1262416,6.1,120832
2852,tt1285309,6.5,37209
2853,tt1179069,6.1,30852
2854,tt0472181,5.4,78892
2855,tt1302067,4.6,19283
2856,tt0056255,6.9,4368
2857,tt1403988,5.1,11180
2858,tt1411238,6.2,200870
2859,tt0107009,4.5,3096
2860,tt0403933,5.4,1323
2861,tt1231583,6.5,308646
2862,tt0117791,6.4,6575
2863,tt0082497,5.5,5219
2864,tt0411951,4.8,25181
2865,tt0079227,5.1,2557
2866,tt0074995,6.6,1368
2867,tt1584016,7.1,38982
2868,tt1126591,6.4,72377
2869,tt0066090,6.9,3075
2870,tt0071788,6.6,1028
2871,tt0065054,7.0,4589
2872,tt1564585,4.4,84319
2873,tt1504319,5.4,1563
2874,tt0120769,6.1,9886
2875,tt1341188,5.4,41790
2876,tt1695994,4.6,3717
2877,tt0113101,6.8,92617
2878,tt0076759,8.6,1144507
2879,tt0266543,8.1,887666
2880,tt0109830,8.8,1657560
2881,tt0169547,8.3,1007375
2882,tt0033467,8.3,371060
2883,tt0325980,8.0,976147
2884,tt0266697,8.1,930003
2885,tt0078788,8.4,561825
2886,tt0105695,8.2,348757
2887,tt0462538,7.3,296269
2888,tt0338013,8.3,842509
2889,tt0399146,7.4,213634
2890,tt0114746,8.0,547099
2891,tt0298203,7.1,233215
2892,tt0118548,6.7,47213
2893,tt0405159,8.1,596569
2894,tt0120586,8.5,971031
2895,tt0407304,6.5,394026
2896,tt0116996,6.3,199780
2897,tt0209144,8.4,1050621
2898,tt0083658,8.1,643034
2899,tt0381681,8.0,213753
2900,tt0374102,5.7,48941
2901,tt0082971,8.4,829152
2902,tt0087469,7.6,415170
2903,tt0092890,7.0,181777
2904,tt0097576,8.2,647439
2905,tt0086960,7.3,151640
2906,tt0120591,6.7,376742
2907,tt0092644,6.5,100286
2908,tt0084827,6.8,107524
2909,tt0075314,8.3,658711
2910,tt0088763,8.5,962634
2911,tt0093773,7.8,351109
2912,tt0086250,8.3,680789
2913,tt0100405,7.0,266378
2914,tt0416320,7.6,194367
2915,tt0094226,7.9,260703
2916,tt0077869,6.2,27963
2917,tt0107048,8.0,549491
2918,tt0246578,8.0,707798
2919,tt0020629,8.0,54201
2920,tt0083511,6.9,64176
2921,tt0079945,6.4,76290
2922,tt0084726,7.7,106678
2923,tt0088170,6.7,69994
2924,tt0099487,7.9,421710
2925,tt0096874,7.8,438869
2926,tt0092007,7.3,73762
2927,tt0100403,6.3,136890
2928,tt0098382,5.5,52771
2929,tt0046672,7.2,26537
2930,tt0102975,7.2,66081
2931,tt0387564,7.6,358339
2932,tt0101889,7.5,74645
2933,tt0181689,7.6,477830
2934,tt0452624,6.0,23282
2935,tt0098663,6.1,12930
2936,tt0119396,7.5,293348
2937,tt0401792,8.0,721076
2938,tt0458481,6.5,143697
2939,tt0111280,6.6,71564
2940,tt0099088,7.4,369594
2941,tt0112573,8.3,907195
2942,tt0117731,7.6,111951
2943,tt0120844,6.4,66295
2944,tt0253754,6.4,69216
2945,tt0070379,7.3,88071
2946,tt0097165,8.1,381933
2947,tt0053125,8.3,277988
2948,tt0489270,6.2,169033
2949,tt0432348,6.6,221181
2950,tt0367882,6.1,400169
2951,tt0048028,7.9,37597
2952,tt0048545,7.7,77341
2953,tt0032976,8.1,113167
2954,tt0086066,7.1,69443
2955,tt0365737,6.9,121659
2956,tt0086216,7.2,29569
2957,tt0092005,8.1,340434
2958,tt0068646,9.2,1478050
2959,tt0053291,8.2,225949
2960,tt0071562,9.0,1028861
2961,tt0110632,7.3,203751
2962,tt0024216,7.9,74860
2963,tt0055312,7.2,5518
2964,tt0098621,6.8,45244
2965,tt0099653,7.0,183025
2966,tt0067992,7.8,165009
2967,tt0051459,8.0,41579
2968,tt0102926,8.6,1166368
2969,tt0111161,9.3,2153889
2970,tt0086879,8.3,344430
2971,tt0114558,7.2,63464
2972,tt0053604,8.3,148491
2973,tt0094812,7.1,44523
2974,tt0044706,7.9,91869
2975,tt0034583,8.5,486633
2976,tt0105265,7.2,49925
2977,tt0089015,7.0,4489
2978,tt0119643,7.2,199157
2979,tt0038787,7.9,86555
2980,tt0109254,5.6,71879
2981,tt0315327,6.7,351693
2982,tt0087843,8.4,285121
2983,tt0327554,3.3,104467
2984,tt0108399,7.9,192440
2985,tt0278504,7.2,257623
2986,tt0327056,7.9,394873
2987,tt0417148,5.4,127418
2988,tt0107290,8.1,800890
2989,tt0119567,6.6,353140
2990,tt0163025,5.9,280084
2991,tt0175880,8.0,273768
2992,tt0404030,7.4,55296
2993,tt0078748,8.4,731787
2994,tt0458352,6.9,346427
2995,tt0087800,7.5,190549
2996,tt0093822,7.3,118575
2997,tt0095953,8.0,448007
2998,tt0048728,7.4,58045
2999,tt0454848,7.6,318370
3000,tt0050083,8.9,615354
3001,tt0378194,8.0,634308
3002,tt0333766,7.4,202385
3003,tt0097239,7.4,91064
3004,tt0166896,8.0,75885
3005,tt0029583,7.6,168295
3006,tt0362270,7.3,168729
3007,tt0268380,7.5,411894
3008,tt0052357,8.3,329757
3009,tt0060196,8.8,639166
3010,tt0055256,7.9,18053
3011,tt0058331,7.8,146636
3012,tt0319262,6.4,393301
3013,tt0758730,4.7,110986
3014,tt0219822,6.4,16800
3015,tt0113627,7.5,108390
3016,tt0268978,8.2,787940
3017,tt0117509,6.7,198824
3018,tt0286499,6.6,100328
3019,tt0195685,7.3,161944
3020,tt0067309,7.1,19796
3021,tt0102494,7.1,45842
3022,tt0315733,7.7,215182
3023,tt0138704,7.4,162394
3024,tt0061418,7.8,96061
3025,tt0097240,7.3,30191
3026,tt0067741,6.6,15310
3027,tt0100935,7.2,76369
3028,tt0120601,7.7,292604
3029,tt0070679,5.9,2353
3030,tt0120689,8.6,1046743
3031,tt0409182,5.6,93484
3032,tt0340855,7.3,126852
3033,tt0097626,6.2,8325
3034,tt0058329,7.2,41279
3035,tt0046912,8.2,143911
3036,tt0109707,7.8,159147
3037,tt0080455,7.9,170691
3038,tt0089457,7.0,40706
3039,tt0085549,6.2,43778
3040,tt0054215,8.5,553556
3041,tt0407265,7.4,39237
3042,tt0119314,6.6,37137
3043,tt0115632,6.9,18489
3044,tt0069113,7.1,38413
3045,tt0145487,7.3,652172
3046,tt0316654,7.3,511396
3047,tt0413300,6.2,470850
3048,tt0095016,8.2,733761
3049,tt0120201,7.2,254365
3050,tt0120616,7.0,371972
3051,tt0047396,8.4,409295
3052,tt0112384,7.6,250951
3053,tt0056869,7.7,158391
3054,tt0049470,7.5,53014
3055,tt0065214,7.9,73351
3056,tt0073195,8.0,518849
3057,tt0077766,5.8,66139
3058,tt0093300,2.9,38309
3059,tt0322259,5.9,236615
3060,tt0198781,8.0,758237
3061,tt0120885,7.2,75374
3062,tt0319061,8.0,394916
3063,tt0274558,7.5,118377
3064,tt0382625,6.6,378385
3065,tt0071360,7.8,89229
3066,tt0362227,7.3,373498
3067,tt0056592,8.3,277669
3068,tt0120338,7.8,978264
3069,tt0043014,8.4,184218
3070,tt0083866,7.8,344300
3071,tt0116629,7.0,503182
3072,tt0242653,6.7,423093
3073,tt0089755,7.2,66188
3074,tt0119654,7.3,486878
3075,tt0120912,6.2,322237
3076,tt0084516,7.3,132372
3077,tt0335345,7.1,203473
3078,tt0120890,6.5,102418
3079,tt0004972,6.4,20841
3080,tt0103855,6.3,110497
3081,tt0087332,7.8,330728
3082,tt0077631,7.2,216501
3083,tt0110148,7.6,278565
3084,tt0114814,8.5,926420
3085,tt0032138,8.0,356986
3086,tt0092563,7.3,74814
3087,tt0066434,6.7,45289
3088,tt0116922,7.6,121010
3089,tt0098635,7.6,180858
3090,tt0264464,8.1,742722
3091,tt0180093,8.3,715039
3092,tt0064115,8.0,190846
3093,tt0212720,7.2,278143
3094,tt0101507,7.7,114932
3095,tt0066026,7.5,64182
3096,tt0332452,7.2,460643
3097,tt0047296,8.1,131370
3098,tt0890870,5.9,133253
3099,tt0117998,6.4,164793
3100,tt0213149,6.2,297046
3101,tt0090605,8.4,612999
3102,tt0110912,8.9,1690224
3103,tt0118884,7.4,239549
3104,tt0112818,7.5,83968
3105,tt0112579,7.6,67014
3106,tt0069089,6.1,20486
3107,tt0290002,6.3,241130
3108,tt0044081,8.0,93103
3109,tt0075686,8.0,239679
3110,tt0042192,8.2,111865
3111,tt0181536,7.3,79720
3112,tt0092099,6.9,269272
3113,tt0167404,8.1,859967
3114,tt0119094,7.3,331581
3115,tt0116367,7.2,268899
3116,tt0032455,7.8,83075
3117,tt0083907,7.5,173935
3118,tt0092991,7.8,138761
3119,tt0106308,7.5,154232
3120,tt0099685,8.7,930721
3121,tt0031381,8.1,269119
3122,tt0099785,7.6,414421
3123,tt0104431,6.7,269905
3124,tt0449059,7.8,415903
3125,tt0119177,7.8,265336
3126,tt0181875,7.9,238160
3127,tt0356910,6.5,425166
3128,tt0107614,7.0,226115
3129,tt0080749,6.8,58823
3130,tt0091763,8.1,358022
3131,tt0090756,7.8,166307
3132,tt0120632,6.7,108413
3133,tt0139134,6.8,171293
3134,tt0093105,7.3,118295
3135,tt0046250,8.0,119406
3136,tt0466909,5.5,54344
3137,tt0114369,8.6,1323467
3138,tt0126029,7.8,574906
3139,tt0298148,7.2,391233
3140,tt0413267,6.0,261783
3141,tt0103639,8.0,336303
3142,tt0080339,7.7,194700
3143,tt0145660,6.6,206855
3144,tt0295178,6.2,186805
3145,tt0117665,7.6,177666
3146,tt0102138,8.0,132869
3147,tt0145734,7.0,18023
3148,tt0071315,8.2,271677
3149,tt0049223,7.6,42161
3150,tt0401855,6.7,182301
3151,tt0069704,7.4,76255
3152,tt0075860,7.6,170837
3153,tt0087182,6.5,113622
3154,tt0044079,8.0,116221
3155,tt0096446,7.3,94473
3156,tt0110475,6.9,320795
3157,tt0096438,7.7,171404
3158,tt0120815,8.6,1140590
3159,tt0108160,6.8,147891
3160,tt0086567,7.1,84982
3161,tt0100802,7.5,282837
3162,tt0114709,8.3,820491
3163,tt0120363,7.9,489224
3164,tt0106611,6.9,85597
3165,tt0093894,6.7,133261
3166,tt0108162,5.0,26955
3167,tt0133152,5.7,203553
3168,tt0063442,8.0,157913
3169,tt0088939,7.8,72722
3170,tt0102057,6.8,218126
3171,tt0104257,7.7,218727
3172,tt0036868,8.0,54103
3173,tt0109813,4.9,71368
3174,tt0158622,3.6,19889
3175,tt0055798,7.8,14833
3176,tt0021749,8.5,152186
3177,tt0061512,8.1,151520
3178,tt0037059,7.6,18599
3179,tt0155267,6.8,82653
3180,tt0032553,8.5,186098
3181,tt0062765,7.4,56295
3182,tt0092666,6.0,19535
3183,tt0317219,7.1,338668
3184,tt0352248,8.0,168427
3185,tt0363547,7.3,223555
3186,tt0097216,7.9,77351
3187,tt0177789,7.3,139677
3188,tt0087363,7.3,181996
3189,tt0099700,6.4,86253
3190,tt0120685,5.4,174595
3191,tt0093409,7.6,222983
3192,tt0097733,7.2,151721
3193,tt0104714,6.7,148423
3194,tt0122151,6.6,145671
3195,tt0113277,8.2,534579
3196,tt0438097,6.8,240126
3197,tt0099938,6.1,127776
3198,tt0351283,6.9,340518
3199,tt0117060,7.1,365244
3200,tt0094012,7.1,161537
3201,tt0015864,8.2,91708
3202,tt0033870,8.0,142475
3203,tt0054047,7.7,82254
3204,tt0054331,7.9,115503
3205,tt0072890,8.0,221785
3206,tt0120102,7.1,115511
3207,tt0056218,7.9,68305
3208,tt0066999,7.7,134261
3209,tt0074486,7.4,93106
3210,tt0078966,7.4,24983
3211,tt0054997,8.0,71497
3212,tt0031971,7.9,39229
3213,tt0036775,8.3,131647
3214,tt0067116,7.7,101488
3215,tt0102685,7.3,143562
3216,tt0084787,8.1,340710
3217,tt0482571,8.5,1092355
3218,tt0443489,6.5,65263
3219,tt0056241,8.1,14878
3220,tt0134119,7.4,165388
3221,tt0479143,7.1,193925
3222,tt0343737,6.7,95194
3223,tt0259324,5.2,212633
3224,tt0420223,7.6,209854
3225,tt0398808,7.1,134064
3226,tt0421073,6.8,103803
3227,tt0396555,6.8,81596
3228,tt0416449,7.7,701756
3229,tt0075148,8.1,483214
3230,tt0079817,7.2,177724
3231,tt0083944,7.7,209899
3232,tt0095956,5.8,113525
3233,tt0084602,6.8,161079
3234,tt0089927,6.9,173845
3235,tt0100507,5.3,119160
3236,tt0367027,6.4,30744
3237,tt0120780,7.0,80871
3238,tt0454921,8.0,414024
3239,tt0101587,6.7,45165
3240,tt0102757,6.2,4633
3241,tt0407887,8.5,1101232
3242,tt0285823,6.4,147302
3243,tt0307901,7.6,163970
3244,tt0310793,7.9,135933
3245,tt0390538,7.1,6142
3246,tt0404203,7.5,101647
3247,tt0159097,7.2,136442
3248,tt0348150,6.0,262902
3249,tt0052311,8.0,93827
3250,tt0167190,6.8,294712
3251,tt0443543,7.6,340513
3252,tt0212346,6.2,173587
3253,tt0101615,2.9,8556
3254,tt0446013,5.4,41217
3255,tt0264472,6.4,64153
3256,tt0369339,7.5,339991
3257,tt0103074,7.5,124919
3258,tt0120176,7.2,20844
3259,tt0113394,5.6,1295
3260,tt0040064,7.1,7619
3261,tt0051885,5.8,918
3262,tt0455407,6.5,105906
3263,tt0059418,6.7,6566
3264,tt0095652,6.2,9899
3265,tt0046247,6.7,8464
3266,tt0041838,6.8,6422
3267,tt0053290,6.2,2679
3268,tt1220628,5.3,8063
3269,tt0084156,5.8,811
3270,tt0091472,6.2,5126
3271,tt0326806,5.2,653
3272,tt0296166,6.9,6708
3273,tt0076271,5.8,4190
3274,tt0082817,6.4,15747
3275,tt0116378,6.6,7846
3276,tt1153706,3.5,11259
3277,tt0844286,6.8,46776
3278,tt0080881,6.4,3912
3279,tt0145937,6.6,5030
3280,tt0074706,6.2,854
3281,tt0105636,6.3,9476
3282,tt0053793,7.8,9444
3283,tt1232207,7.4,39929
3284,tt0073092,7.3,8599
3285,tt0099747,6.1,6715
3286,tt0106455,4.9,5251
3287,tt0119934,7.2,6351
3288,tt0134154,6.7,12381
3289,tt0191133,5.5,6487
3290,tt0160401,6.3,5429
3291,tt0955411,2.9,2208
3292,tt0118665,2.6,24182
3293,tt0063035,5.8,11455
3294,tt0100395,6.7,14435
3295,tt0032143,7.8,11766
3296,tt0051207,7.4,23433
3297,tt0954990,6.7,7750
3298,tt0111333,6.4,21105
3299,tt0222850,6.9,6849
3300,tt0844471,6.9,190275
3301,tt0124879,6.8,19932
3302,tt1172233,6.9,61748
3303,tt1197624,7.4,257212
3304,tt1300851,6.3,59307
3305,tt1220198,5.9,70792
3306,tt0362478,5.5,86202
3307,tt0878804,7.6,272535
3308,tt1038686,5.2,94292
3309,tt1135084,6.2,54249
3310,tt1193138,7.4,304452
3311,tt0976238,5.4,34883
3312,tt1057500,7.3,142585
3313,tt1259521,7.0,346670
3314,tt0989757,6.3,130949
3315,tt0479997,5.4,86881
3316,tt1231587,6.4,155828
3317,tt1058017,6.3,108713
3318,tt0840361,7.5,328090
3319,tt1403981,7.1,131158
3320,tt1273678,5.4,37516
3321,tt0065446,7.2,7906
3322,tt0976222,6.3,13280
3323,tt1231580,4.5,40282
3324,tt1179056,5.2,87186
3325,tt0053925,7.0,10924
3326,tt0392465,6.9,8397
3327,tt0074174,7.3,19034
3328,tt0376136,6.2,95566
3329,tt0099277,5.9,6132
3330,tt0236388,6.9,5123
3331,tt0985694,6.6,184229
3332,tt0166276,4.7,16035
3333,tt0881891,4.8,38240
3334,tt0087015,5.6,9757
3335,tt1385867,5.6,82472
3336,tt1179904,6.3,210900
3337,tt0105466,6.2,9460
3338,tt0275719,7.3,17886
3339,tt0049038,6.5,10032
3340,tt1325004,5.0,215093
3341,tt0162360,6.3,9318
3342,tt0024894,7.0,8569
3343,tt0108517,5.4,4983
3344,tt0088178,8.6,11187
3345,tt0077280,7.2,7660
3346,tt0084855,7.7,33036
3347,tt0104215,5.3,1071
3348,tt0082242,6.6,9037
3349,tt0093509,7.9,6582
3350,tt0095895,7.3,7242
3351,tt0848228,8.0,1204895
3352,tt1314228,4.8,35555
3353,tt0100053,4.9,4198
3354,tt0387059,5.5,6459
3355,tt0097889,7.0,8461
3356,tt0118736,6.7,6485
3357,tt0057163,7.9,17866
3358,tt1135503,7.0,98431
3359,tt1190536,7.4,43665
3360,tt0086336,6.8,7794
3361,tt0078087,5.9,17449
3362,tt0089003,5.9,12989
3363,tt0093624,6.2,12173
3364,tt0489244,3.1,3277
3365,tt0095990,5.8,17144
3366,tt0192111,5.4,13365
3367,tt0078504,5.4,12908
3368,tt0031398,7.4,10319
3369,tt0046949,6.6,3284
3370,tt0114609,6.3,6190
3371,tt1183251,5.9,11834
3372,tt0407814,4.9,308
3373,tt0186045,5.7,12766
3374,tt1331064,6.0,7914
3375,tt1210071,5.1,1338
3376,tt0067328,8.0,38640
3377,tt1263670,7.2,80531
3378,tt0042200,6.9,4069
3379,tt0101902,6.3,4861
3380,tt0101371,6.1,2807
3381,tt0101786,6.5,10913
3382,tt0043338,8.2,25723
3383,tt0316188,7.2,5060
3384,tt0034587,7.3,18017
3385,tt0120036,7.2,7012
3386,tt1142433,5.3,13311
3387,tt0038854,7.5,17144
3388,tt0106557,4.3,7178
3389,tt0075909,5.3,4576
3390,tt0433398,7.1,817
3391,tt0929632,7.3,101284
3392,tt0285728,5.6,8954
3393,tt0041239,7.4,3310
3394,tt0099018,5.5,3748
3395,tt0062138,7.4,17039
3396,tt0101746,7.0,4832
3397,tt0166943,6.8,11445
3398,tt0033028,7.7,8494
3399,tt0092857,5.4,8136
3400,tt0060490,6.9,7596
3401,tt0102898,5.6,4403
3402,tt0119937,6.8,6599
3403,tt0110399,6.0,6154
3404,tt0095107,5.6,9416
3405,tt0095925,6.2,18597
3406,tt0064100,6.8,5383
3407,tt0090856,5.1,5550
3408,tt0368774,6.5,6131
3409,tt0234829,5.0,14648
3410,tt0105017,7.6,9601
3411,tt0091707,5.1,1324
3412,tt1232783,5.1,27390
3413,tt0116905,7.4,26500
3414,tt0268200,7.0,1143
3415,tt0339419,7.1,4056
3416,tt0086346,5.5,4959
3417,tt1106860,6.0,8704
3418,tt0034746,7.1,2870
3419,tt1276105,5.7,2726
3420,tt0084684,5.5,4566
3421,tt0044672,6.6,11864
3422,tt0099611,6.1,8143
3423,tt0113303,5.3,6034
3424,tt0085764,4.4,1642
3425,tt0035093,7.6,14561
3426,tt0088117,5.9,12295
3427,tt0097967,5.8,8714
3428,tt0076263,7.3,5579
3429,tt0016473,7.2,1545
3430,tt0019563,7.2,1457
3431,tt0101412,4.0,2747
3432,tt0041373,7.0,2131
3433,tt1244659,6.4,15798
3434,tt1038919,5.6,114721
3435,tt0944835,6.4,280796
3436,tt1320253,6.5,312022
3437,tt1386588,6.6,226022
3438,tt0472399,6.6,143568
3439,tt0935075,7.0,45738
3440,tt1017451,6.5,44269
3441,tt0086971,4.8,299
3442,tt0056800,6.7,5574
3443,tt0124102,5.1,6333
3444,tt0071110,5.7,8858
3445,tt0061770,7.4,10394
3446,tt0049778,7.5,6882
3447,tt1174730,7.4,29614
3448,tt0790712,7.1,32781
3449,tt0069976,7.0,4341
3450,tt0101701,5.8,7271
3451,tt0039286,7.3,6750
3452,tt0391104,5.7,423
3453,tt0056875,5.1,5394
3454,tt0107953,5.9,12807
3455,tt0055279,6.5,876
3456,tt0113691,6.4,5195
3457,tt0034902,6.1,1478
3458,tt0055304,7.1,11480
3459,tt1288403,5.2,23940
3460,tt0037884,7.9,31156
3461,tt0105824,6.5,2332
3462,tt0120710,5.5,11886
3463,tt0015400,7.8,5127
3464,tt0303353,7.4,6657
3465,tt0057449,6.7,9622
3466,tt0047244,3.6,470
3467,tt0171356,5.7,6681
3468,tt0077530,6.2,8001
3469,tt0062794,7.0,5876
3470,tt1228953,6.7,8656
3471,tt0034167,7.7,14323
3472,tt0977214,5.6,6838
3473,tt0049408,7.4,22502
3474,tt0386117,6.7,97319
3475,tt0046435,7.0,5923
3476,tt1155056,7.0,187407
3477,tt0088001,3.8,6507
3478,tt1091722,6.8,147939
3479,tt0093378,6.9,25855
3480,tt0250371,6.4,3870
3481,tt0377038,7.5,1351
3482,tt0035432,7.5,7574
3483,tt0186589,5.7,12984
3484,tt0110978,3.3,18572
3485,tt0101455,4.9,2562
3486,tt1127180,6.5,179717
3487,tt0858486,6.6,10959
3488,tt0213790,5.2,11982
3489,tt0087062,5.5,8467
3490,tt0079180,6.4,8082
3491,tt0974661,6.3,169952
3492,tt0358349,4.5,13280
3493,tt0038057,7.8,12869
3494,tt0357110,6.6,10659
3495,tt0120772,6.0,17850
3496,tt0275022,3.5,37318
3497,tt1160368,5.6,26213
3498,tt0116260,6.2,12271
3499,tt0906108,5.8,11719
3500,tt0110066,6.0,6188
3501,tt0093737,5.3,6080
3502,tt0078872,7.3,10843
3503,tt0058085,6.7,7595
3504,tt0473709,6.5,5379
3505,tt0821642,6.7,49429
3506,tt1198138,5.0,27704
3507,tt0052225,6.8,7520
3508,tt0083284,6.7,25591
3509,tt0408985,6.4,26505
3510,tt0113808,5.3,2992
3511,tt0082894,6.5,4900
3512,tt0368226,3.7,74769
3513,tt1231277,3.6,12724
3514,tt0111323,6.2,9906
3515,tt1045778,4.9,87429
3516,tt1136608,7.9,612376
3517,tt1103982,5.5,15285
3518,tt0076070,6.4,19564
3519,tt0085750,3.7,36689
3520,tt0120620,6.5,20848
3521,tt0250310,4.7,12016
3522,tt0109838,6.4,5713
3523,tt0318283,5.6,12641
3524,tt0044030,6.9,4205
3525,tt0120133,5.4,4930
3526,tt0317132,6.3,9887
3527,tt0434424,4.3,2719
3528,tt1083456,6.1,40941
3529,tt1067106,6.8,93313
3530,tt0110329,4.6,8051
3531,tt0176783,5.9,13876
3532,tt1114677,4.4,37501
3533,tt0457400,5.3,61379
3534,tt0417385,7.5,6529
3535,tt1018818,6.2,15140
3536,tt0472259,6.0,3673
3537,tt1259571,4.7,252196
3538,tt1041829,6.7,277579
3539,tt0082979,7.3,19380
3540,tt0262432,7.4,7331
3541,tt0276033,4.1,4666
3542,tt1078912,6.0,164411
3543,tt0844708,6.5,80704
3544,tt0093793,6.1,9678
3545,tt0119237,6.7,29848
3546,tt0054357,7.2,12528
3547,tt0087799,6.4,16972
3548,tt0380277,3.7,2623
3549,tt1111422,6.4,176353
3550,tt0089200,4.2,7564
3551,tt1034032,5.8,125981
3552,tt0398842,4.9,3440
3553,tt0116320,5.4,8110
3554,tt0045888,7.1,14927
3555,tt0085121,6.3,5994
3556,tt0422295,6.5,14728
3557,tt0055257,7.1,8944
3558,tt0072761,5.7,2465
3559,tt0041841,7.1,8819
3560,tt0051380,5.1,4386
3561,tt0242587,7.1,9269
3562,tt0306841,5.5,33656
3563,tt0376196,5.8,3592
3564,tt0492044,5.9,57168
3565,tt0800320,5.8,260034
3566,tt0155776,5.6,22649
3567,tt0061809,7.9,22425
3568,tt0359423,6.7,12892
3569,tt0805526,6.6,14819
3570,tt0092974,5.5,10374
3571,tt0120800,6.3,13722
3572,tt0053716,6.0,2772
3573,tt0086525,6.4,12061
3574,tt0089730,5.5,12347
3575,tt0102729,5.8,6237
3576,tt0359517,4.5,6914
3577,tt0120467,5.3,3849
3578,tt0104107,7.0,6558
3579,tt0451038,5.6,1035
3580,tt0100258,6.9,36596
3581,tt0105378,6.7,15253
3582,tt1176740,7.0,50009
3583,tt0094746,6.6,13573
3584,tt0099817,6.1,9471
3585,tt0081974,6.9,11148
3586,tt0045920,6.5,7798
3587,tt0082801,5.6,7021
3588,tt0436339,5.1,40053
3589,tt0075265,6.2,8982
3590,tt0079336,7.3,7025
3591,tt1078940,5.5,97087
3592,tt0433362,6.4,118027
3593,tt0814335,5.6,28661
3594,tt1156398,7.6,478386
3595,tt1144884,5.2,91043
3596,tt1022603,7.7,448050
3597,tt0107282,7.7,14248
3598,tt0986263,6.3,164547
3599,tt0499549,7.8,1064265
3600,tt0046126,7.0,13686
3601,tt0172396,7.1,20331
3602,tt1093908,5.9,71659
3603,tt0046969,5.3,1100
3604,tt0078902,7.7,20437
3605,tt0354766,5.7,5270
3606,tt0028333,7.6,11328
3607,tt0327036,5.5,1565
3608,tt1323594,7.6,473078
3609,tt0064782,6.6,11310
3610,tt0100260,6.6,18047
3611,tt0337917,5.2,9192
3612,tt1037705,6.9,276976
3613,tt1104001,6.8,299955
3614,tt1075747,4.7,52704
3615,tt0115988,6.8,33596
3616,tt0194218,6.6,7795
3617,tt0112688,6.9,19244
3618,tt0217756,5.4,13051
3619,tt0100740,6.3,13947
3620,tt0097334,6.3,2488
3621,tt0196857,5.5,11163
3622,tt0105211,7.0,11774
3623,tt0898367,7.2,211109
3624,tt0234354,5.8,10381
3625,tt1201167,6.3,110261
3626,tt0090568,5.8,4146
3627,tt0384533,5.3,6996
3628,tt1142988,6.4,193196
3629,tt0096378,5.7,3135
3630,tt0102460,6.0,7931
3631,tt0074279,5.5,4008
3632,tt0086429,6.9,5395
3633,tt0097142,6.3,4286
3634,tt0337579,5.7,13598
3635,tt0149691,6.2,16310
3636,tt0844479,6.4,53920
3637,tt0835034,5.4,821
3638,tt0343121,7.9,8733
3639,tt1800246,6.1,93530
3640,tt1956620,5.1,102156
3641,tt2103254,4.9,45199
3642,tt2318092,6.3,38553
3643,tt0435651,6.5,106735
3644,tt2170439,6.3,147466
3645,tt1809398,7.2,132571
3646,tt2473682,5.0,37777
3647,tt2436386,6.4,72524
3648,tt2978462,6.4,7736
3649,tt2452042,7.1,39821
3650,tt2224026,6.6,87132
3651,tt2279373,6.0,44833
3652,tt2726560,7.1,71730
3653,tt2788710,6.5,290617
3654,tt2305051,7.1,112344
3655,tt2870708,6.7,35254
3656,tt1657510,6.5,7869
3657,tt1178665,6.3,22504
3658,tt1086772,6.5,109077
3659,tt2247476,6.7,14670
3660,tt3210686,5.7,17731
3661,tt1929263,5.8,24603
3662,tt2637276,6.3,170466
3663,tt2322441,4.1,283668
3664,tt2106361,5.8,61584
3665,tt1698641,6.2,38123
3666,tt2980706,6.0,15569
3667,tt1826590,6.1,21423
3668,tt2582846,7.7,321940
3669,tt1243974,5.4,56700
3670,tt2180411,5.9,125540
3671,tt2883512,7.3,179073
3672,tt2461150,5.8,46506
3673,tt1839642,6.2,4818
3674,tt3063516,6.5,86494
3675,tt2975590,6.5,588760
3676,tt1663207,5.8,16138
3677,tt2345112,6.3,14243
3678,tt2170299,6.6,44544
3679,tt1742044,6.8,30923
3680,tt1662293,4.4,4660
3681,tt2267998,8.1,782125
3682,tt3045616,5.5,62580
3683,tt2383068,6.1,15835
3684,tt2293640,6.4,198525
3685,tt1872194,7.4,166125
3686,tt2084970,8.0,633388
3687,tt1686821,5.5,49912
3688,tt1638355,7.3,246264
3689,tt2300975,5.4,21150
3690,tt2312718,6.5,100344
3691,tt2179136,7.3,409551
3692,tt1781922,6.8,71804
3693,tt2203939,6.0,124748
3694,tt2172935,7.2,15881
3695,tt0361322,6.6,266
3696,tt1091191,7.5,250981
3697,tt2562232,7.7,532927
3698,tt2004420,6.3,270472
3699,tt1823664,5.3,31885
3700,tt1777595,6.4,1790
3701,tt1647668,7.0,41480
3702,tt1980929,7.4,132436
3703,tt1790864,6.8,393861
3704,tt2005374,6.4,52895
3705,tt2800038,4.3,2754
3706,tt2223990,6.8,49817
3707,tt2554274,6.5,121627
3708,tt2717822,5.4,49421
3709,tt1267297,6.0,139070
3710,tt2828996,4.7,18529
3711,tt2294449,7.0,325923
3712,tt2463288,6.0,48761
3713,tt0059181,5.6,288
3714,tt2557490,6.1,162857
3715,tt2359024,7.1,60415
3716,tt1043726,4.2,50865
3717,tt1674771,6.6,72550
3718,tt2660888,7.1,214011
3719,tt2140037,5.9,19477
3720,tt1171222,5.1,8404
3721,tt1425922,4.5,1921
3722,tt2609758,4.8,5550
3723,tt1621039,5.9,21273
3724,tt2051894,5.9,2774
3725,tt1464191,6.2,2815
3726,tt2771372,6.8,48266
3727,tt2245084,7.8,380909
3728,tt2381249,7.4,319145
3729,tt2527336,7.1,480606
3730,tt0033379,6.1,96
3731,tt2239832,5.8,18842
3732,tt0019096,5.7,661
3733,tt2083231,5.1,4543
3734,tt1206543,6.8,100506
3735,tt1502712,4.3,142556
3736,tt1790809,6.6,236988
3737,tt2386490,7.5,77494
3738,tt2366608,5.8,15958
3739,tt2820852,7.2,341223
3740,tt1408253,6.2,96259
3741,tt1800241,7.2,424430
3742,tt0383222,2.9,33168
3743,tt2171867,5.2,18415
3744,tt0365907,6.5,106769
3745,tt0787474,6.8,51621
3746,tt1791528,6.7,86195
3747,tt0051500,5.1,433
3748,tt2357291,6.3,73852
